-- phpMyAdmin SQL Dump
-- version 4.2.11
-- http://www.phpmyadmin.net
--
-- Host: 127.0.0.1
-- Generation Time: Jun 16, 2015 at 04:27 PM
-- Server version: 5.6.21
-- PHP Version: 5.5.19

SET SQL_MODE = "NO_AUTO_VALUE_ON_ZERO";
SET time_zone = "+00:00";


/*!40101 SET @OLD_CHARACTER_SET_CLIENT=@@CHARACTER_SET_CLIENT */;
/*!40101 SET @OLD_CHARACTER_SET_RESULTS=@@CHARACTER_SET_RESULTS */;
/*!40101 SET @OLD_COLLATION_CONNECTION=@@COLLATION_CONNECTION */;
/*!40101 SET NAMES utf8 */;

--
-- Database: `globanh0_elear`
--

-- --------------------------------------------------------

--
-- Table structure for table `tb_groups`
--

CREATE TABLE IF NOT EXISTS `tb_groups` (
`group_id` mediumint(8) unsigned NOT NULL,
  `name` varchar(20) DEFAULT NULL,
  `description` varchar(100) DEFAULT NULL,
  `level` int(6) DEFAULT NULL
) ENGINE=InnoDB AUTO_INCREMENT=4 DEFAULT CHARSET=utf8;

--
-- Dumping data for table `tb_groups`
--

INSERT INTO `tb_groups` VALUES(1, 'Superadmin', 'Root Superadmin , should be as top level group', 1);
INSERT INTO `tb_groups` VALUES(2, 'Administrator', 'Administrator level, level No 2', 2);
INSERT INTO `tb_groups` VALUES(3, 'Users', '<p>Users as registered / member</p>', 3);

-- --------------------------------------------------------

--
-- Table structure for table `tb_groups_access`
--

CREATE TABLE IF NOT EXISTS `tb_groups_access` (
`id` int(6) NOT NULL,
  `group_id` int(6) DEFAULT NULL,
  `module_id` int(6) DEFAULT NULL,
  `access_data` text
) ENGINE=InnoDB AUTO_INCREMENT=448 DEFAULT CHARSET=utf8;

--
-- Dumping data for table `tb_groups_access`
--

INSERT INTO `tb_groups_access` VALUES(166, 1, 2, '{"is_global":"1","is_view":"1","is_detail":"1","is_add":"1","is_edit":"1","is_remove":"1","is_excel":"1"}');
INSERT INTO `tb_groups_access` VALUES(167, 2, 2, '{"is_global":"0","is_view":"0","is_detail":"0","is_add":"0","is_edit":"0","is_remove":"0","is_excel":"0"}');
INSERT INTO `tb_groups_access` VALUES(169, 1, 8, '{"is_global":"1","is_view":"1","is_detail":"1","is_add":"1","is_edit":"1","is_remove":"1","is_excel":"1"}');
INSERT INTO `tb_groups_access` VALUES(170, 2, 8, '{"is_global":"0","is_view":"0","is_detail":"0","is_add":"0","is_edit":"0","is_remove":"0","is_excel":"0"}');
INSERT INTO `tb_groups_access` VALUES(171, 3, 8, '{"is_global":"0","is_view":"0","is_detail":"0","is_add":"0","is_edit":"0","is_remove":"0","is_excel":"0"}');
INSERT INTO `tb_groups_access` VALUES(199, 1, 7, '{"is_global":"1","is_view":"1","is_detail":"1","is_add":"1","is_edit":"1","is_remove":"1","is_excel":"1"}');
INSERT INTO `tb_groups_access` VALUES(200, 2, 7, '{"is_global":"0","is_view":"0","is_detail":"0","is_add":"0","is_edit":"0","is_remove":"0","is_excel":"0"}');
INSERT INTO `tb_groups_access` VALUES(201, 3, 7, '{"is_global":"0","is_view":"0","is_detail":"0","is_add":"0","is_edit":"0","is_remove":"0","is_excel":"0"}');
INSERT INTO `tb_groups_access` VALUES(202, 1, 1, '{"is_global":"1","is_view":"1","is_detail":"1","is_add":"1","is_edit":"1","is_remove":"1","is_excel":"1"}');
INSERT INTO `tb_groups_access` VALUES(204, 3, 1, '{"is_global":"0","is_view":"0","is_detail":"0","is_add":"0","is_edit":"0","is_remove":"0","is_excel":"0"}');
INSERT INTO `tb_groups_access` VALUES(223, 1, 11, '{"is_global":"1","is_view":"1","is_detail":"1","is_add":"0","is_edit":"0","is_remove":"1","is_excel":"1"}');
INSERT INTO `tb_groups_access` VALUES(224, 2, 11, '{"is_global":"0","is_view":"0","is_detail":"0","is_add":"0","is_edit":"0","is_remove":"0","is_excel":"0"}');
INSERT INTO `tb_groups_access` VALUES(225, 3, 11, '{"is_global":"0","is_view":"0","is_detail":"0","is_add":"0","is_edit":"0","is_remove":"0","is_excel":"0"}');
INSERT INTO `tb_groups_access` VALUES(277, 1, 14, '{"is_global":"1","is_view":"1","is_detail":"1","is_add":"1","is_edit":"1","is_remove":"1","is_excel":"1"}');
INSERT INTO `tb_groups_access` VALUES(278, 2, 14, '{"is_global":"0","is_view":"0","is_detail":"0","is_add":"0","is_edit":"0","is_remove":"0","is_excel":"0"}');
INSERT INTO `tb_groups_access` VALUES(279, 3, 14, '{"is_global":"0","is_view":"0","is_detail":"0","is_add":"0","is_edit":"0","is_remove":"0","is_excel":"0"}');
INSERT INTO `tb_groups_access` VALUES(286, 1, 17, '{"is_global":"1","is_view":"1","is_detail":"1","is_add":"1","is_edit":"1","is_remove":"1","is_excel":"1"}');
INSERT INTO `tb_groups_access` VALUES(287, 2, 17, '{"is_global":"0","is_view":"0","is_detail":"0","is_add":"0","is_edit":"0","is_remove":"0","is_excel":"0"}');
INSERT INTO `tb_groups_access` VALUES(288, 3, 17, '{"is_global":"0","is_view":"0","is_detail":"0","is_add":"0","is_edit":"0","is_remove":"0","is_excel":"0"}');
INSERT INTO `tb_groups_access` VALUES(304, 1, 22, '{"is_global":"1","is_view":"1","is_detail":"1","is_add":"1","is_edit":"1","is_remove":"1","is_excel":"1"}');
INSERT INTO `tb_groups_access` VALUES(305, 2, 22, '{"is_global":"0","is_view":"0","is_detail":"0","is_add":"0","is_edit":"0","is_remove":"0","is_excel":"0"}');
INSERT INTO `tb_groups_access` VALUES(306, 3, 22, '{"is_global":"0","is_view":"0","is_detail":"0","is_add":"0","is_edit":"0","is_remove":"0","is_excel":"0"}');
INSERT INTO `tb_groups_access` VALUES(307, 1, 23, '{"is_global":"1","is_view":"1","is_detail":"1","is_add":"1","is_edit":"1","is_remove":"1","is_excel":"1"}');
INSERT INTO `tb_groups_access` VALUES(308, 2, 23, '{"is_global":"0","is_view":"0","is_detail":"0","is_add":"0","is_edit":"0","is_remove":"0","is_excel":"0"}');
INSERT INTO `tb_groups_access` VALUES(309, 3, 23, '{"is_global":"0","is_view":"0","is_detail":"0","is_add":"0","is_edit":"0","is_remove":"0","is_excel":"0"}');
INSERT INTO `tb_groups_access` VALUES(313, 1, 24, '{"is_global":"1","is_view":"1","is_detail":"1","is_add":"1","is_edit":"1","is_remove":"1","is_excel":"1"}');
INSERT INTO `tb_groups_access` VALUES(314, 2, 24, '{"is_global":"0","is_view":"0","is_detail":"0","is_add":"0","is_edit":"0","is_remove":"0","is_excel":"0"}');
INSERT INTO `tb_groups_access` VALUES(315, 3, 24, '{"is_global":"0","is_view":"0","is_detail":"0","is_add":"0","is_edit":"0","is_remove":"0","is_excel":"0"}');
INSERT INTO `tb_groups_access` VALUES(442, 1, 49, '{"is_global":"1","is_view":"1","is_detail":"1","is_add":"1","is_edit":"1","is_remove":"1","is_excel":"1"}');
INSERT INTO `tb_groups_access` VALUES(443, 2, 49, '{"is_global":"1","is_view":"1","is_detail":"1","is_add":"1","is_edit":"1","is_remove":"1","is_excel":"1"}');
INSERT INTO `tb_groups_access` VALUES(444, 3, 49, '{"is_global":"0","is_view":"0","is_detail":"0","is_add":"0","is_edit":"0","is_remove":"0","is_excel":"0"}');
INSERT INTO `tb_groups_access` VALUES(445, 1, 50, '{"is_global":"1","is_view":"1","is_detail":"1","is_add":"1","is_edit":"1","is_remove":"1","is_excel":"1"}');
INSERT INTO `tb_groups_access` VALUES(446, 2, 50, '{"is_global":"1","is_view":"1","is_detail":"1","is_add":"1","is_edit":"1","is_remove":"1","is_excel":"1"}');
INSERT INTO `tb_groups_access` VALUES(447, 3, 50, '{"is_global":"0","is_view":"0","is_detail":"0","is_add":"0","is_edit":"0","is_remove":"0","is_excel":"0"}');

-- --------------------------------------------------------

--
-- Table structure for table `tb_logs`
--

CREATE TABLE IF NOT EXISTS `tb_logs` (
`auditID` int(20) NOT NULL,
  `ipaddress` varchar(50) DEFAULT NULL,
  `user_id` int(11) DEFAULT NULL,
  `module` varchar(50) DEFAULT NULL,
  `task` varchar(50) DEFAULT NULL,
  `note` text,
  `logdate` timestamp NOT NULL DEFAULT CURRENT_TIMESTAMP
) ENGINE=InnoDB AUTO_INCREMENT=65 DEFAULT CHARSET=latin1;

--
-- Dumping data for table `tb_logs`
--

INSERT INTO `tb_logs` VALUES(4, '127.0.0.1', 1, 'logs', 'destroy', 'ID : 3  , Has Been Removed Successfull', '2014-11-28 01:49:22');
INSERT INTO `tb_logs` VALUES(5, '127.0.0.1', 1, 'employee', 'save', ' ID : 1  , Has Been Changed Successfull', '2014-12-09 13:51:32');
INSERT INTO `tb_logs` VALUES(6, '127.0.0.1', 1, 'simplecrud', 'save', ' ID : 1  , Has Been Changed Successfull', '2014-12-11 02:30:29');
INSERT INTO `tb_logs` VALUES(7, '127.0.0.1', 1, 'order', 'save', ' ID : 10248  , Has Been Changed Successfull', '2014-12-11 04:53:04');
INSERT INTO `tb_logs` VALUES(8, '127.0.0.1', 1, 'order', 'save', ' ID : 10250  , Has Been Changed Successfull', '2014-12-12 01:21:14');
INSERT INTO `tb_logs` VALUES(9, '127.0.0.1', 1, 'order', 'save', ' ID : 10251  , Has Been Changed Successfull', '2014-12-12 01:26:43');
INSERT INTO `tb_logs` VALUES(10, '127.0.0.1', 1, 'employee', 'save', ' ID : 8  , Has Been Changed Successfull', '2014-12-15 01:51:00');
INSERT INTO `tb_logs` VALUES(11, '127.0.0.1', 1, 'acustomer', 'destroy', 'ID : 138,139,140  , Has Been Removed Successfull', '2014-12-16 00:39:52');
INSERT INTO `tb_logs` VALUES(12, '127.0.0.1', 1, 'acustomer', 'destroy', 'ID :   , Has Been Removed Successfull', '2014-12-25 03:52:27');
INSERT INTO `tb_logs` VALUES(13, '127.0.0.1', 1, 'acustomer', 'destroy', 'ID :   , Has Been Removed Successfull', '2014-12-25 03:53:31');
INSERT INTO `tb_logs` VALUES(14, '127.0.0.1', 1, 'acustomer', 'destroy', 'ID : 72  , Has Been Removed Successfull', '2014-12-25 03:57:26');
INSERT INTO `tb_logs` VALUES(15, '127.0.0.1', 1, 'acustomer', 'save', 'New Entry row with ID : 3  , Has Been Save Successfull', '2014-12-25 04:22:34');
INSERT INTO `tb_logs` VALUES(16, '127.0.0.1', 1, 'acustomer', 'save', 'New Entry row with ID : 3  , Has Been Save Successfull', '2014-12-25 04:22:55');
INSERT INTO `tb_logs` VALUES(17, '127.0.0.1', 1, 'users', 'save', 'New Entry row with ID : 4  , Has Been Save Successfull', '2014-12-26 07:54:21');
INSERT INTO `tb_logs` VALUES(18, '127.0.0.1', 1, 'users', 'save', 'New Entry row with ID : 5  , Has Been Save Successfull', '2014-12-26 07:55:08');
INSERT INTO `tb_logs` VALUES(19, '127.0.0.1', 1, 'users', 'save', 'New Entry row with ID : 5  , Has Been Save Successfull', '2014-12-26 07:55:57');
INSERT INTO `tb_logs` VALUES(20, '127.0.0.1', 1, 'users', 'save', 'New Entry row with ID : 5  , Has Been Save Successfull', '2014-12-26 08:03:10');
INSERT INTO `tb_logs` VALUES(21, '127.0.0.1', 1, 'users', 'save', 'New Entry row with ID : 5  , Has Been Save Successfull', '2014-12-26 08:39:24');
INSERT INTO `tb_logs` VALUES(22, '127.0.0.1', 1, 'users', 'save', 'New Entry row with ID : 5  , Has Been Save Successfull', '2014-12-26 08:45:50');
INSERT INTO `tb_logs` VALUES(23, '127.0.0.1', 1, 'users', 'save', 'New Entry row with ID : 5  , Has Been Save Successfull', '2014-12-26 08:46:37');
INSERT INTO `tb_logs` VALUES(24, '127.0.0.1', 1, 'users', 'save', 'New Entry row with ID : 4  , Has Been Save Successfull', '2014-12-26 08:46:47');
INSERT INTO `tb_logs` VALUES(25, '127.0.0.1', 1, 'users', 'save', 'New Entry row with ID : 4  , Has Been Save Successfull', '2014-12-26 08:47:55');
INSERT INTO `tb_logs` VALUES(26, '127.0.0.1', 1, 'users', 'save', 'New Entry row with ID : 4  , Has Been Save Successfull', '2014-12-26 08:48:07');
INSERT INTO `tb_logs` VALUES(27, '127.0.0.1', 1, 'users', 'save', 'New Entry row with ID : 4  , Has Been Save Successfull', '2014-12-26 08:48:55');
INSERT INTO `tb_logs` VALUES(28, '127.0.0.1', 1, 'users', 'save', 'New Entry row with ID : 4  , Has Been Save Successfull', '2014-12-26 08:49:52');
INSERT INTO `tb_logs` VALUES(29, '127.0.0.1', 1, 'users', 'save', 'New Entry row with ID : 4  , Has Been Save Successfull', '2014-12-26 08:50:06');
INSERT INTO `tb_logs` VALUES(30, '127.0.0.1', 1, 'users', 'save', 'New Entry row with ID : 4  , Has Been Save Successfull', '2014-12-26 08:50:29');
INSERT INTO `tb_logs` VALUES(31, '127.0.0.1', 1, 'users', 'save', 'New Entry row with ID : 5  , Has Been Save Successfull', '2014-12-26 08:51:09');
INSERT INTO `tb_logs` VALUES(32, '127.0.0.1', 1, 'users', 'save', 'New Entry row with ID : 4  , Has Been Save Successfull', '2014-12-26 09:27:21');
INSERT INTO `tb_logs` VALUES(33, '127.0.0.1', 1, 'users', 'save', 'New Entry row with ID : 4  , Has Been Save Successfull', '2014-12-26 09:29:44');
INSERT INTO `tb_logs` VALUES(34, '127.0.0.1', 1, 'users', 'save', 'New Entry row with ID :   , Has Been Save Successfull', '2014-12-26 09:46:02');
INSERT INTO `tb_logs` VALUES(35, '127.0.0.1', 1, 'users', 'save', 'New Entry row with ID :   , Has Been Save Successfull', '2014-12-26 09:57:22');
INSERT INTO `tb_logs` VALUES(36, '127.0.0.1', 1, 'asdsad', 'save', 'New Entry row with ID : 1  , Has Been Save Successfull', '2014-12-27 09:35:19');
INSERT INTO `tb_logs` VALUES(37, '127.0.0.1', 1, 'asdsad', 'save', 'New Entry row with ID : 1  , Has Been Save Successfull', '2014-12-29 05:11:16');
INSERT INTO `tb_logs` VALUES(38, '127.0.0.1', 1, 'asdsad', 'save', 'New Entry row with ID : 1  , Has Been Save Successfull', '2014-12-29 05:13:13');
INSERT INTO `tb_logs` VALUES(39, '127.0.0.1', 1, 'students', 'save', 'New Entry row with ID : 20122  , Has Been Save Successfull', '2015-06-16 12:48:59');
INSERT INTO `tb_logs` VALUES(40, '127.0.0.1', 1, 'students', 'save', 'New Entry row with ID : 20122  , Has Been Save Successfull', '2015-06-16 12:50:05');
INSERT INTO `tb_logs` VALUES(41, '127.0.0.1', 1, 'users', 'save', 'New Entry row with ID : 1  , Has Been Save Successfull', '2015-06-16 12:52:29');
INSERT INTO `tb_logs` VALUES(42, '127.0.0.1', 1, 'students', 'save', 'New Entry row with ID : 20123  , Has Been Save Successfull', '2015-06-16 13:11:08');
INSERT INTO `tb_logs` VALUES(43, '127.0.0.1', 1, 'students', 'save', 'New Entry row with ID : 20124  , Has Been Save Successfull', '2015-06-16 13:15:20');
INSERT INTO `tb_logs` VALUES(44, '127.0.0.1', 1, 'enrolment', 'save', 'New Entry row with ID : 3499  , Has Been Save Successfull', '2015-06-16 13:23:56');
INSERT INTO `tb_logs` VALUES(45, '127.0.0.1', 1, 'students', 'destroy', 'ID : 20122,20123,20124  , Has Been Removed Successfull', '2015-06-16 13:29:18');
INSERT INTO `tb_logs` VALUES(46, '127.0.0.1', 1, 'enrolment', 'destroy', 'ID : 3499  , Has Been Removed Successfull', '2015-06-16 13:30:10');
INSERT INTO `tb_logs` VALUES(47, '127.0.0.1', 1, 'students', 'save', 'New Entry row with ID : 20125  , Has Been Save Successfull', '2015-06-16 13:30:54');
INSERT INTO `tb_logs` VALUES(48, '127.0.0.1', 1, 'enrolment', 'save', 'New Entry row with ID : 3500  , Has Been Save Successfull', '2015-06-16 13:31:10');
INSERT INTO `tb_logs` VALUES(49, '127.0.0.1', 1, 'students', 'save', 'New Entry row with ID : 20126  , Has Been Save Successfull', '2015-06-16 13:34:49');
INSERT INTO `tb_logs` VALUES(50, '127.0.0.1', 1, 'enrolment', 'save', 'New Entry row with ID : 3501  , Has Been Save Successfull', '2015-06-16 13:35:00');
INSERT INTO `tb_logs` VALUES(51, '127.0.0.1', 1, 'enrolment', 'destroy', 'ID : 3500,3501  , Has Been Removed Successfull', '2015-06-16 13:38:58');
INSERT INTO `tb_logs` VALUES(52, '127.0.0.1', 1, 'students', 'destroy', 'ID : 20125,20126  , Has Been Removed Successfull', '2015-06-16 13:40:04');
INSERT INTO `tb_logs` VALUES(53, '127.0.0.1', 1, 'students', 'save', 'New Entry row with ID : 20127  , Has Been Save Successfull', '2015-06-16 13:40:36');
INSERT INTO `tb_logs` VALUES(54, '127.0.0.1', 1, 'enrolment', 'save', 'New Entry row with ID : 3502  , Has Been Save Successfull', '2015-06-16 13:40:52');
INSERT INTO `tb_logs` VALUES(55, '127.0.0.1', 1, 'enrolment', 'destroy', 'ID : 3502  , Has Been Removed Successfull', '2015-06-16 13:41:29');
INSERT INTO `tb_logs` VALUES(56, '127.0.0.1', 1, 'students', 'destroy', 'ID : 20127  , Has Been Removed Successfull', '2015-06-16 13:41:36');
INSERT INTO `tb_logs` VALUES(57, '127.0.0.1', 1, 'users', 'destroy', 'ID : 5  , Has Been Removed Successfull', '2015-06-16 13:50:05');
INSERT INTO `tb_logs` VALUES(58, '127.0.0.1', 1, 'users', 'save', 'New Entry row with ID : 4  , Has Been Save Successfull', '2015-06-16 13:51:06');
INSERT INTO `tb_logs` VALUES(59, '127.0.0.1', 4, 'students', 'save', 'New Entry row with ID : 20128  , Has Been Save Successfull', '2015-06-16 14:05:29');
INSERT INTO `tb_logs` VALUES(60, '127.0.0.1', 4, 'enrolment', 'save', 'New Entry row with ID : 3503  , Has Been Save Successfull', '2015-06-16 14:05:53');
INSERT INTO `tb_logs` VALUES(61, '127.0.0.1', 1, 'users', 'destroy', 'ID : 4  , Has Been Removed Successfull', '2015-06-16 14:19:22');
INSERT INTO `tb_logs` VALUES(62, '127.0.0.1', 1, 'users', 'save', 'New Entry row with ID : 6  , Has Been Save Successfull', '2015-06-16 14:20:06');
INSERT INTO `tb_logs` VALUES(63, '127.0.0.1', 6, 'enrolment', 'destroy', 'ID : 3503  , Has Been Removed Successfull', '2015-06-16 14:21:49');
INSERT INTO `tb_logs` VALUES(64, '127.0.0.1', 6, 'students', 'destroy', 'ID : 20128  , Has Been Removed Successfull', '2015-06-16 14:21:56');

-- --------------------------------------------------------

--
-- Table structure for table `tb_menu`
--

CREATE TABLE IF NOT EXISTS `tb_menu` (
`menu_id` int(11) NOT NULL,
  `parent_id` int(11) DEFAULT '0',
  `module` varchar(50) DEFAULT NULL,
  `url` varchar(100) DEFAULT NULL,
  `menu_name` varchar(100) DEFAULT NULL,
  `menu_type` char(10) DEFAULT NULL,
  `role_id` varchar(100) DEFAULT NULL,
  `deep` smallint(2) DEFAULT NULL,
  `ordering` int(6) DEFAULT NULL,
  `position` enum('top','sidebar','both') DEFAULT NULL,
  `menu_icons` varchar(30) DEFAULT NULL,
  `active` enum('0','1') DEFAULT '1',
  `access_data` text,
  `allow_guest` enum('0','1') DEFAULT '0',
  `menu_lang` text
) ENGINE=InnoDB AUTO_INCREMENT=35 DEFAULT CHARSET=utf8;

--
-- Dumping data for table `tb_menu`
--

INSERT INTO `tb_menu` VALUES(2, 0, 'contact-us', '', 'Contact Us', 'internal', NULL, NULL, 5, 'top', '', '1', '{"1":"0","2":"0","3":"0"}', '1', NULL);
INSERT INTO `tb_menu` VALUES(7, 0, 'faq', '', 'FAQ', 'internal', NULL, NULL, 4, 'top', '', '1', '{"1":"1","2":"0","3":"0"}', '1', NULL);
INSERT INTO `tb_menu` VALUES(12, 0, 'about-us', '', 'About', 'internal', NULL, NULL, 1, 'top', '', '1', '{"1":"0","2":"0","3":"0"}', '1', NULL);
INSERT INTO `tb_menu` VALUES(13, 0, 'service', '', 'Service', 'internal', NULL, NULL, 3, 'top', '', '1', '{"1":"0","2":"0","3":"0"}', '1', '{"title":{"in":"Serpis","pt-br":""}}');
INSERT INTO `tb_menu` VALUES(30, 0, 'portpolio', '', 'Portpolio', 'internal', '0', 0, 2, 'top', '', '1', '{"1":"0","2":"0","3":"0"}', '1', NULL);
INSERT INTO `tb_menu` VALUES(31, 0, '', '', 'Home', 'internal', '0', 0, 0, 'top', '', '1', '{"1":"0","2":"0","3":"0"}', '1', NULL);
INSERT INTO `tb_menu` VALUES(32, 0, 'students', '', 'Estudiantes', 'internal', '0', 0, NULL, 'sidebar', 'fa fa-users', '1', '{"1":"1","2":"1","3":"0"}', '1', NULL);
INSERT INTO `tb_menu` VALUES(33, 0, '', '', 'Cursos', 'external', '0', 0, NULL, 'sidebar', 'fa fa-university', '1', '{"1":"1","2":"1","3":"0"}', '1', NULL);
INSERT INTO `tb_menu` VALUES(34, 0, 'enrolment', '', 'Matrículas', 'internal', '0', 0, NULL, 'sidebar', 'fa fa-file-text', '1', '{"1":"1","2":"1","3":"0"}', '1', NULL);

-- --------------------------------------------------------

--
-- Table structure for table `tb_module`
--

CREATE TABLE IF NOT EXISTS `tb_module` (
`module_id` int(11) NOT NULL,
  `module_name` varchar(100) DEFAULT NULL,
  `module_title` varchar(100) DEFAULT NULL,
  `module_note` varchar(255) DEFAULT NULL,
  `module_author` varchar(100) DEFAULT NULL,
  `module_created` timestamp NULL DEFAULT NULL,
  `module_desc` text,
  `module_db` varchar(255) DEFAULT NULL,
  `module_db_key` varchar(100) DEFAULT NULL,
  `module_type` enum('master','report','proccess','core','generic','addon') DEFAULT 'master',
  `module_config` longtext,
  `module_lang` text
) ENGINE=InnoDB AUTO_INCREMENT=51 DEFAULT CHARSET=utf8;

--
-- Dumping data for table `tb_module`
--

INSERT INTO `tb_module` VALUES(1, 'users', 'Users System', 'Users System', 'Mango Tm', '2013-07-10 15:46:46', NULL, 'tb_users', 'id', 'core', 'eyJ0YWJsZV9kY4oIonR4XgVzZXJzo4w4cHJ1bWFyeV9rZXk4O4JlciVyXi3ko4w4cgFsXgN3bGVjdCoIo3NFTEVDVCA5dGJfdXN3cnMuK4w5oHR4XidybgVwcymuYWl3oFxyXGmGUk9NoHR4XgVzZXJzoExFR3Q5Sk9JT4B0Y39ncp9lcHM5T0a5dGJfZgJvdXBzLpdybgVwXi3koD05dGJfdXN3cnMuZgJvdXBf6WQ4LCJzcWxfdih3cpU4O4o5oCBXSEVSRSB0Y39lciVycym1ZCAhPScnoCA4LCJzcWxfZgJvdXA4O4o5oCA5o4w4Zp9ybXM4O3t7opZ1ZWxkoj246WQ4LCJhbG3hcyoIonR4XgVzZXJzo4w4bGF4ZWw4O4JJZCosopZvcplfZgJvdXA4O4o4LCJyZXFl6XJ3ZCoIojA4LCJi6WVgoj2xLCJ0eXB3oj246G3kZGVuo4w4YWRkoj2xLCJz6X13oj24MCosopVk6XQ4OjEsonN3YXJj6CoIojE4LCJzbgJ0bG3zdCoIojA4LCJvcHR1bia4Ons4bgB0XgRmcGU4O4o4LCJsbi9rdXBfcXV3cnk4O4o4LCJsbi9rdXBfdGF4bGU4O4o4LCJsbi9rdXBf6iVmoj24o4w4bG9v6gVwXgZhbHV3oj24o4w46XNfZGVwZWmkZWmjeSoIo4osopxvbitlcF9kZXB3bpR3bpNmXit3eSoIo4osonBhdGhfdG9fdXBsbiFkoj24o4w4cpVz6X13Xgd1ZHR2oj24o4w4cpVz6X13Xih36Wd2dCoIo4osonVwbG9hZF90eXB3oj24o4w4dG9vbHR1cCoIo4osopF0dHJ1YnV0ZSoIo4osopVadGVuZF9jbGFzcyoIo4J9fSx7opZ1ZWxkoj24ZgJvdXBf6WQ4LCJhbG3hcyoIonR4XgVzZXJzo4w4bGF4ZWw4O4JHcp9lcCBcLyBMZXZ3bCosopZvcplfZgJvdXA4O4o4LCJyZXFl6XJ3ZCoIonJ3cXV1cpVko4w4dp33dyoIMSw4dH3wZSoIonN3bGVjdCosopFkZCoIMSw4ci3IZSoIojA4LCJ3ZG30oj2xLCJzZWFyYi54O4oxo4w4ci9ydGx1cgQ4O4oyo4w4bgB06W9uoj17op9wdF90eXB3oj24ZXh0ZXJuYWw4LCJsbi9rdXBfcXV3cnk4O4o4LCJsbi9rdXBfdGF4bGU4O4J0Y39ncp9lcHM4LCJsbi9rdXBf6iVmoj24ZgJvdXBf6WQ4LCJsbi9rdXBfdpFsdWU4O4JuYWl3o4w46XNfZGVwZWmkZWmjeSoIo4osopxvbitlcF9kZXB3bpR3bpNmXit3eSoIo4osonBhdGhfdG9fdXBsbiFkoj24o4w4cpVz6X13Xgd1ZHR2oj24o4w4cpVz6X13Xih36Wd2dCoIo4osonVwbG9hZF90eXB3oj24o4w4dG9vbHR1cCoIo4osopF0dHJ1YnV0ZSoIo4osopVadGVuZF9jbGFzcyoIo4J9fSx7opZ1ZWxkoj24dXN3cpmhbWU4LCJhbG3hcyoIonR4XgVzZXJzo4w4bGF4ZWw4O4JVciVybpFtZSosopZvcplfZgJvdXA4O4o4LCJyZXFl6XJ3ZCoIonJ3cXV1cpVko4w4dp33dyoIMSw4dH3wZSoIonR3eHQ4LCJhZGQ4OjEsonN1epU4O4owo4w4ZWR1dCoIMSw4ciVhcpN2oj24MSosonNvcnRs6XN0oj24Myosop9wdG3vb4oIeyJvcHRfdH3wZSoIo4osopxvbitlcF9xdWVyeSoIo4osopxvbitlcF90YWJsZSoIo4osopxvbitlcF9rZXk4O4o4LCJsbi9rdXBfdpFsdWU4O4o4LCJ1cl9kZXB3bpR3bpNmoj24o4w4bG9v6gVwXiR3cGVuZGVuYg3f6iVmoj24o4w4cGF06F90bl9lcGxvYWQ4O4o4LCJyZXN1epVfdi3kdG54O4o4LCJyZXN1epVf6GV1Zih0oj24o4w4dXBsbiFkXgRmcGU4O4o4LCJ0bi9sdG3woj24o4w4YXR0cp34dXR3oj24o4w4ZXh0ZWmkXiNsYXNzoj24onl9LHs4Zp33bGQ4O4Jp6XJzdF9uYWl3o4w4YWx1YXM4O4J0Y39lciVycyosopxhYpVsoj24Rp3ycgQ5TpFtZSosopZvcplfZgJvdXA4O4o4LCJyZXFl6XJ3ZCoIonJ3cXV1cpVko4w4dp33dyoIMSw4dH3wZSoIonR3eHQ4LCJhZGQ4OjEsonN1epU4O4owo4w4ZWR1dCoIMSw4ciVhcpN2oj24MSosonNvcnRs6XN0oj24NCosop9wdG3vb4oIeyJvcHRfdH3wZSoIo4osopxvbitlcF9xdWVyeSoIo4osopxvbitlcF90YWJsZSoIo4osopxvbitlcF9rZXk4O4o4LCJsbi9rdXBfdpFsdWU4O4o4LCJ1cl9kZXB3bpR3bpNmoj24o4w4bG9v6gVwXiR3cGVuZGVuYg3f6iVmoj24o4w4cGF06F90bl9lcGxvYWQ4O4o4LCJyZXN1epVfdi3kdG54O4o4LCJyZXN1epVf6GV1Zih0oj24o4w4dXBsbiFkXgRmcGU4O4o4LCJ0bi9sdG3woj24o4w4YXR0cp34dXR3oj24o4w4ZXh0ZWmkXiNsYXNzoj24onl9LHs4Zp33bGQ4O4JsYXN0XimhbWU4LCJhbG3hcyoIonR4XgVzZXJzo4w4bGF4ZWw4O4JMYXN0oEmhbWU4LCJpbgJtXidybgVwoj24o4w4cpVxdW3yZWQ4O4owo4w4dp33dyoIMSw4dH3wZSoIonR3eHQ4LCJhZGQ4OjEsonN1epU4O4owo4w4ZWR1dCoIMSw4ciVhcpN2oj24MSosonNvcnRs6XN0oj24NSosop9wdG3vb4oIeyJvcHRfdH3wZSoIo4osopxvbitlcF9xdWVyeSoIo4osopxvbitlcF90YWJsZSoIo4osopxvbitlcF9rZXk4O4o4LCJsbi9rdXBfdpFsdWU4O4o4LCJ1cl9kZXB3bpR3bpNmoj24o4w4bG9v6gVwXiR3cGVuZGVuYg3f6iVmoj24o4w4cGF06F90bl9lcGxvYWQ4O4o4LCJyZXN1epVfdi3kdG54O4o4LCJyZXN1epVf6GV1Zih0oj24o4w4dXBsbiFkXgRmcGU4O4o4LCJ0bi9sdG3woj24o4w4YXR0cp34dXR3oj24o4w4ZXh0ZWmkXiNsYXNzoj24onl9LHs4Zp33bGQ4O4J3bWF1bCosopFs6WFzoj24dGJfdXN3cnM4LCJsYWJ3bCoIokVtYW3so4w4Zp9ybV9ncp9lcCoIo4osonJ3cXV1cpVkoj24ZWlh6Ww4LCJi6WVgoj2xLCJ0eXB3oj24dGVadCosopFkZCoIMSw4ci3IZSoIojA4LCJ3ZG30oj2xLCJzZWFyYi54O4oxo4w4ci9ydGx1cgQ4O4oio4w4bgB06W9uoj17op9wdF90eXB3oj24o4w4bG9v6gVwXgFlZXJmoj24o4w4bG9v6gVwXgRhYpx3oj24o4w4bG9v6gVwXit3eSoIo4osopxvbitlcF9iYWxlZSoIo4osop3zXiR3cGVuZGVuYgk4O4o4LCJsbi9rdXBfZGVwZWmkZWmjeV9rZXk4O4o4LCJwYXR2XgRvXgVwbG9hZCoIo4osonJ3ci3IZV9g6WR06CoIo4osonJ3ci3IZV92ZW3n6HQ4O4o4LCJlcGxvYWRfdH3wZSoIo4osonRvbix06XA4O4o4LCJhdHRy6WJldGU4O4o4LCJ3eHR3bpRfYixhcgM4O4o4fX0seyJp6WVsZCoIonBhcgNgbgJko4w4YWx1YXM4O4J0Y39lciVycyosopxhYpVsoj24UGFzcgdvcpQ4LCJpbgJtXidybgVwoj24o4w4cpVxdW3yZWQ4O4owo4w4dp33dyoIMCw4dH3wZSoIonR3eHQ4LCJhZGQ4OjEsonN1epU4O4owo4w4ZWR1dCoIMSw4ciVhcpN2oj2wLCJzbgJ0bG3zdCoIojc4LCJvcHR1bia4Ons4bgB0XgRmcGU4O4o4LCJsbi9rdXBfcXV3cnk4O4o4LCJsbi9rdXBfdGF4bGU4O4owo4w4bG9v6gVwXit3eSoIo4osopxvbitlcF9iYWxlZSoIo4osop3zXiR3cGVuZGVuYgk4O4o4LCJsbi9rdXBfZGVwZWmkZWmjeV9rZXk4O4o4LCJwYXR2XgRvXgVwbG9hZCoIo4osonJ3ci3IZV9g6WR06CoIo4osonJ3ci3IZV92ZW3n6HQ4O4o4LCJlcGxvYWRfdH3wZSoIo4osonRvbix06XA4O4o4LCJhdHRy6WJldGU4O4o4LCJ3eHR3bpRfYixhcgM4O4o4fX0seyJp6WVsZCoIopxvZi3uXiF0dGVtcHQ4LCJhbG3hcyoIonR4XgVzZXJzo4w4bGF4ZWw4O4JMbid1b4BBdHR3bXB0o4w4Zp9ybV9ncp9lcCoIo4osonJ3cXV1cpVkoj24MCosonZ1ZXc4OjEsonRmcGU4O4J0ZXh0o4w4YWRkoj2xLCJz6X13oj24MCosopVk6XQ4OjEsonN3YXJj6CoIMCw4ci9ydGx1cgQ4O4oao4w4bgB06W9uoj17op9wdF90eXB3oj24o4w4bG9v6gVwXgFlZXJmoj24o4w4bG9v6gVwXgRhYpx3oj24o4w4bG9v6gVwXit3eSoIo4osopxvbitlcF9iYWxlZSoIo4osop3zXiR3cGVuZGVuYgk4O4o4LCJsbi9rdXBfZGVwZWmkZWmjeV9rZXk4O4o4LCJwYXR2XgRvXgVwbG9hZCoIo4osonJ3ci3IZV9g6WR06CoIo4osonJ3ci3IZV92ZW3n6HQ4O4o4LCJlcGxvYWRfdH3wZSoIo4osonRvbix06XA4O4o4LCJhdHRy6WJldGU4O4o4LCJ3eHR3bpRfYixhcgM4O4o4fX0seyJp6WVsZCoIopxhcgRfbG9n6Wa4LCJhbG3hcyoIonR4XgVzZXJzo4w4bGF4ZWw4O4JMYXN0oExvZi3uo4w4Zp9ybV9ncp9lcCoIo4osonJ3cXV1cpVkoj24MCosonZ1ZXc4OjAsonRmcGU4O4J0ZXh0o4w4YWRkoj2xLCJz6X13oj24MCosopVk6XQ4OjEsonN3YXJj6CoIMCw4ci9ydGx1cgQ4O4omo4w4bgB06W9uoj17op9wdF90eXB3oj24o4w4bG9v6gVwXgFlZXJmoj24o4w4bG9v6gVwXgRhYpx3oj24MCosopxvbitlcF9rZXk4O4o4LCJsbi9rdXBfdpFsdWU4O4o4LCJ1cl9kZXB3bpR3bpNmoj24o4w4bG9v6gVwXiR3cGVuZGVuYg3f6iVmoj24o4w4cGF06F90bl9lcGxvYWQ4O4o4LCJyZXN1epVfdi3kdG54O4o4LCJyZXN1epVf6GV1Zih0oj24o4w4dXBsbiFkXgRmcGU4O4o4LCJ0bi9sdG3woj24o4w4YXR0cp34dXR3oj24o4w4ZXh0ZWmkXiNsYXNzoj24onl9LHs4Zp33bGQ4O4JhYgR1dpU4LCJhbG3hcyoIonR4XgVzZXJzo4w4bGF4ZWw4O4JTdGF0dXM4LCJpbgJtXidybgVwoj24o4w4cpVxdW3yZWQ4O4JyZXFl6XJ3ZCosonZ1ZXc4OjEsonRmcGU4O4JyYWR1byosopFkZCoIMSw4ci3IZSoIojA4LCJ3ZG30oj2xLCJzZWFyYi54O4oxo4w4ci9ydGx1cgQ4O4oxMCosop9wdG3vb4oIeyJvcHRfdH3wZSoIopRhdGFs6XN0o4w4bG9v6gVwXgFlZXJmoj24MD1JbpFjdG3iZXwxOkFjdG3iZSosopxvbitlcF90YWJsZSoIo4osopxvbitlcF9rZXk4O4o4LCJsbi9rdXBfdpFsdWU4O4o4LCJ1cl9kZXB3bpR3bpNmoj24o4w4bG9v6gVwXiR3cGVuZGVuYg3f6iVmoj24o4w4cGF06F90bl9lcGxvYWQ4O4o4LCJyZXN1epVfdi3kdG54O4o4LCJyZXN1epVf6GV1Zih0oj24o4w4dXBsbiFkXgRmcGU4O4o4LCJ0bi9sdG3woj24o4w4YXR0cp34dXR3oj24o4w4ZXh0ZWmkXiNsYXNzoj24onl9LHs4Zp33bGQ4O4JhdpF0YXo4LCJhbG3hcyoIonR4XgVzZXJzo4w4bGF4ZWw4O4JBdpF0YXo4LCJpbgJtXidybgVwoj24o4w4cpVxdW3yZWQ4O4owo4w4dp33dyoIMSw4dH3wZSoIopZ1bGU4LCJhZGQ4OjEsonN1epU4O4owo4w4ZWR1dCoIMSw4ciVhcpN2oj2wLCJzbgJ0bG3zdCoIojExo4w4bgB06W9uoj17op9wdF90eXB3oj24o4w4bG9v6gVwXgFlZXJmoj24o4w4bG9v6gVwXgRhYpx3oj24o4w4bG9v6gVwXit3eSoIo4osopxvbitlcF9iYWxlZSoIo4osop3zXiR3cGVuZGVuYgk4O4o4LCJsbi9rdXBfZGVwZWmkZWmjeV9rZXk4O4o4LCJwYXR2XgRvXgVwbG9hZCoIo3wvdXBsbiFkclwvdXN3cnNcLyosonJ3ci3IZV9g6WR06CoIo4osonJ3ci3IZV92ZW3n6HQ4O4o4LCJlcGxvYWRfdH3wZSoIop3tYWd3o4w4dG9vbHR1cCoIo4osopF0dHJ1YnV0ZSoIo4osopVadGVuZF9jbGFzcyoIo4J9fSx7opZ1ZWxkoj24YgJ3YXR3ZF9hdCosopFs6WFzoj24dGJfdXN3cnM4LCJsYWJ3bCoIokNyZWF0ZWQ5QXQ4LCJpbgJtXidybgVwoj24o4w4cpVxdW3yZWQ4O4owo4w4dp33dyoIMCw4dH3wZSoIonR3eHRhcpVho4w4YWRkoj2xLCJz6X13oj24MCosopVk6XQ4OjEsonN3YXJj6CoIMCw4ci9ydGx1cgQ4O4oxM4osop9wdG3vb4oIeyJvcHRfdH3wZSoIo4osopxvbitlcF9xdWVyeSoIo4osopxvbitlcF90YWJsZSoIo4osopxvbitlcF9rZXk4O4o4LCJsbi9rdXBfdpFsdWU4O4o4LCJ1cl9kZXB3bpR3bpNmoj24o4w4bG9v6gVwXiR3cGVuZGVuYg3f6iVmoj24o4w4cGF06F90bl9lcGxvYWQ4O4o4LCJyZXN1epVfdi3kdG54O4o4LCJyZXN1epVf6GV1Zih0oj24o4w4dXBsbiFkXgRmcGU4O4o4LCJ0bi9sdG3woj24o4w4YXR0cp34dXR3oj24o4w4ZXh0ZWmkXiNsYXNzoj24onl9LHs4Zp33bGQ4O4JlcGRhdGVkXiF0o4w4YWx1YXM4O4J0Y39lciVycyosopxhYpVsoj24VXBkYXR3ZCBBdCosopZvcplfZgJvdXA4O4o4LCJyZXFl6XJ3ZCoIojA4LCJi6WVgoj2wLCJ0eXB3oj24dGVadGFyZWE4LCJhZGQ4OjEsonN1epU4O4owo4w4ZWR1dCoIMSw4ciVhcpN2oj2wLCJzbgJ0bG3zdCoIojEzo4w4bgB06W9uoj17op9wdF90eXB3oj24o4w4bG9v6gVwXgFlZXJmoj24o4w4bG9v6gVwXgRhYpx3oj24o4w4bG9v6gVwXit3eSoIo4osopxvbitlcF9iYWxlZSoIo4osop3zXiR3cGVuZGVuYgk4O4o4LCJsbi9rdXBfZGVwZWmkZWmjeV9rZXk4O4o4LCJwYXR2XgRvXgVwbG9hZCoIo4osonJ3ci3IZV9g6WR06CoIo4osonJ3ci3IZV92ZW3n6HQ4O4o4LCJlcGxvYWRfdH3wZSoIo4osonRvbix06XA4O4o4LCJhdHRy6WJldGU4O4o4LCJ3eHR3bpRfYixhcgM4O4o4fXldLCJncp3koj1beyJp6WVsZCoIop3ko4w4YWx1YXM4O4J0Y39lciVycyosopxhbpdlYWd3oj1bXSw4bGF4ZWw4O4JJZCosonZ1ZXc4OjAsopR3dGF1bCoIMCw4ci9ydGF4bGU4OjAsonN3YXJj6CoIMSw4ZG9gbpxvYWQ4OjAsopZybg13b4oIMSw4di3kdG54O4oxMDA4LCJhbG3nb4oIopx3ZnQ4LCJzbgJ0bG3zdCoIojA4LCJjbimuoj17onZhbG3koj24o4w4ZGo4O4o4LCJrZXk4O4o4LCJk6XNwbGFmoj24on0sopF0dHJ1YnV0ZSoIeyJ2eXB3cpx1bps4Ons4YWN06XZ3oj2xLCJs6Wmroj24o4w4dGFyZiV0oj24o4w46HRtbCoIo4J9LCJ1bWFnZSoIeyJhYgR1dpU4OjAsonBhdG54O4o4LCJz6X13Xg54O4o4LCJz6X13Xgk4O4o4LCJ2dGlsoj24onl9fSx7opZ1ZWxkoj24YXZhdGFyo4w4YWx1YXM4O4J0Y39lciVycyosopxhbpdlYWd3oj1bXSw4bGF4ZWw4O4JBdpF0YXo4LCJi6WVgoj2xLCJkZXRh6Ww4OjEsonNvcnRhYpx3oj2wLCJzZWFyYi54OjEsopRvdimsbiFkoj2wLCJpcp9IZWa4OjEsond1ZHR2oj24MzA4LCJhbG3nb4oIopx3ZnQ4LCJzbgJ0bG3zdCoIojE4LCJjbimuoj17onZhbG3koj24o4w4ZGo4O4o4LCJrZXk4O4o4LCJk6XNwbGFmoj24on0sopF0dHJ1YnV0ZSoIeyJ2eXB3cpx1bps4Ons4YWN06XZ3oj2xLCJs6Wmroj24o4w4dGFyZiV0oj24o4w46HRtbCoIo4J9LCJ1bWFnZSoIeyJhYgR1dpU4OjEsonBhdG54O4JcLgVwbG9hZHNcLgVzZXJzXC84LCJz6X13Xg54O4o4LCJz6X13Xgk4O4o4LCJ2dGlsoj24onl9fSx7opZ1ZWxkoj24ZgJvdXBf6WQ4LCJhbG3hcyoIonR4XgVzZXJzo4w4bGFuZgVhZiU4O3tdLCJsYWJ3bCoIokdybgVwo4w4dp33dyoIMSw4ZGV0YW3soj2xLCJzbgJ0YWJsZSoIMCw4ciVhcpN2oj2xLCJkbgdubG9hZCoIMCw4ZnJvepVuoj2xLCJg6WR06CoIojEwMCosopFs6Wduoj24bGVpdCosonNvcnRs6XN0oj24MyosopNvbpa4Ons4dpFs6WQ4O4oxo4w4ZGo4O4J0Y39ncp9lcHM4LCJrZXk4O4Jncp9lcF91ZCosopR1cgBsYXk4O4JuYWl3on0sopF0dHJ1YnV0ZSoIeyJ2eXB3cpx1bps4Ons4YWN06XZ3oj2xLCJs6Wmroj24o4w4dGFyZiV0oj24o4w46HRtbCoIo4J9LCJ1bWFnZSoIeyJhYgR1dpU4OjAsonBhdG54O4o4LCJz6X13Xg54O4o4LCJz6X13Xgk4O4o4LCJ2dGlsoj24onl9fSx7opZ1ZWxkoj24bpFtZSosopFs6WFzoj24dGJfZgJvdXBzo4w4bGFuZgVhZiU4O3tdLCJsYWJ3bCoIokdybgVwo4w4dp33dyoIMCw4ZGV0YW3soj2wLCJzbgJ0YWJsZSoIMCw4ciVhcpN2oj2xLCJkbgdubG9hZCoIMCw4ZnJvepVuoj2xLCJg6WR06CoIojEwMCosopFs6Wduoj24bGVpdCosonNvcnRs6XN0oj24NCosopNvbpa4Ons4dpFs6WQ4O4o4LCJkY4oIo4osopt3eSoIo4osopR1cgBsYXk4O4o4fSw4YXR0cp34dXR3oj17ophmcGVybG3u6yoIeyJhYgR1dpU4OjEsopx1bps4O4o4LCJ0YXJnZXQ4O4o4LCJ2dGlsoj24on0sop3tYWd3oj17opFjdG3iZSoIMCw4cGF06CoIo4osonN1epVfeCoIo4osonN1epVfeSoIo4osoph0bWw4O4o4fXl9LHs4Zp33bGQ4O4JlciVybpFtZSosopFs6WFzoj24dGJfdXN3cnM4LCJsYWmndWFnZSoIWl0sopxhYpVsoj24VXN3cpmhbWU4LCJi6WVgoj2xLCJkZXRh6Ww4OjEsonNvcnRhYpx3oj2xLCJzZWFyYi54OjEsopRvdimsbiFkoj2xLCJpcp9IZWa4OjEsond1ZHR2oj24MTAwo4w4YWx1Zia4O4o4LCJzbgJ0bG3zdCoIojU4LCJjbimuoj17onZhbG3koj24o4w4ZGo4O4o4LCJrZXk4O4o4LCJk6XNwbGFmoj24on0sopF0dHJ1YnV0ZSoIeyJ2eXB3cpx1bps4Ons4YWN06XZ3oj2xLCJs6Wmroj24o4w4dGFyZiV0oj24o4w46HRtbCoIo4J9LCJ1bWFnZSoIeyJhYgR1dpU4OjAsonBhdG54O4o4LCJz6X13Xg54O4o4LCJz6X13Xgk4O4o4LCJ2dGlsoj24onl9fSx7opZ1ZWxkoj24Zp3ycgRfbpFtZSosopFs6WFzoj24dGJfdXN3cnM4LCJsYWmndWFnZSoIWl0sopxhYpVsoj24Rp3ycgQ5TpFtZSosonZ1ZXc4OjEsopR3dGF1bCoIMSw4ci9ydGF4bGU4OjEsonN3YXJj6CoIMSw4ZG9gbpxvYWQ4OjEsopZybg13b4oIMSw4di3kdG54O4oxMDA4LCJhbG3nb4oIo4osonNvcnRs6XN0oj24N4osopNvbpa4Ons4dpFs6WQ4O4o4LCJkY4oIo4osopt3eSoIo4osopR1cgBsYXk4O4o4fSw4YXR0cp34dXR3oj17ophmcGVybG3u6yoIeyJhYgR1dpU4OjEsopx1bps4O4o4LCJ0YXJnZXQ4O4o4LCJ2dGlsoj24on0sop3tYWd3oj17opFjdG3iZSoIMCw4cGF06CoIo4osonN1epVfeCoIo4osonN1epVfeSoIo4osoph0bWw4O4o4fXl9LHs4Zp33bGQ4O4JsYXN0XimhbWU4LCJhbG3hcyoIonR4XgVzZXJzo4w4bGFuZgVhZiU4O3tdLCJsYWJ3bCoIokxhcgQ5TpFtZSosonZ1ZXc4OjEsopR3dGF1bCoIMSw4ci9ydGF4bGU4OjEsonN3YXJj6CoIMSw4ZG9gbpxvYWQ4OjEsopZybg13b4oIMSw4di3kdG54O4oxMDA4LCJhbG3nb4oIo4osonNvcnRs6XN0oj24NyosopNvbpa4Ons4dpFs6WQ4O4o4LCJkY4oIo4osopt3eSoIo4osopR1cgBsYXk4O4o4fSw4YXR0cp34dXR3oj17ophmcGVybG3u6yoIeyJhYgR1dpU4OjEsopx1bps4O4o4LCJ0YXJnZXQ4O4o4LCJ2dGlsoj24on0sop3tYWd3oj17opFjdG3iZSoIMCw4cGF06CoIo4osonN1epVfeCoIo4osonN1epVfeSoIo4osoph0bWw4O4o4fXl9LHs4Zp33bGQ4O4J3bWF1bCosopFs6WFzoj24dGJfdXN3cnM4LCJsYWmndWFnZSoIWl0sopxhYpVsoj24RWlh6Ww4LCJi6WVgoj2xLCJkZXRh6Ww4OjEsonNvcnRhYpx3oj2xLCJzZWFyYi54OjEsopRvdimsbiFkoj2xLCJpcp9IZWa4OjEsond1ZHR2oj24MTAwo4w4YWx1Zia4O4o4LCJzbgJ0bG3zdCoIoj54LCJjbimuoj17onZhbG3koj24o4w4ZGo4O4o4LCJrZXk4O4o4LCJk6XNwbGFmoj24on0sopF0dHJ1YnV0ZSoIeyJ2eXB3cpx1bps4Ons4YWN06XZ3oj2xLCJs6Wmroj24o4w4dGFyZiV0oj24o4w46HRtbCoIo4J9LCJ1bWFnZSoIeyJhYgR1dpU4OjAsonBhdG54O4o4LCJz6X13Xg54O4o4LCJz6X13Xgk4O4o4LCJ2dGlsoj24onl9fSx7opZ1ZWxkoj24cGFzcgdvcpQ4LCJhbG3hcyoIonR4XgVzZXJzo4w4bGFuZgVhZiU4O3tdLCJsYWJ3bCoIo3BhcgNgbgJko4w4dp33dyoIMCw4ZGV0YW3soj2wLCJzbgJ0YWJsZSoIMCw4ciVhcpN2oj2xLCJkbgdubG9hZCoIMCw4ZnJvepVuoj2xLCJg6WR06CoIojEwMCosopFs6Wduoj24bGVpdCosonNvcnRs6XN0oj24OSosopNvbpa4Ons4dpFs6WQ4O4o4LCJkY4oIo4osopt3eSoIo4osopR1cgBsYXk4O4o4fSw4YXR0cp34dXR3oj17ophmcGVybG3u6yoIeyJhYgR1dpU4OjEsopx1bps4O4o4LCJ0YXJnZXQ4O4o4LCJ2dGlsoj24on0sop3tYWd3oj17opFjdG3iZSoIMCw4cGF06CoIo4osonN1epVfeCoIo4osonN1epVfeSoIo4osoph0bWw4O4o4fXl9LHs4Zp33bGQ4O4Jsbid1b39hdHR3bXB0o4w4YWx1YXM4O4J0Y39lciVycyosopxhbpdlYWd3oj1bXSw4bGF4ZWw4O4JMbid1b4BBdHR3bXB0o4w4dp33dyoIMCw4ZGV0YW3soj2wLCJzbgJ0YWJsZSoIMCw4ciVhcpN2oj2xLCJkbgdubG9hZCoIMCw4ZnJvepVuoj2xLCJg6WR06CoIojEwMCosopFs6Wduoj24bGVpdCosonNvcnRs6XN0oj24MTA4LCJjbimuoj17onZhbG3koj24o4w4ZGo4O4o4LCJrZXk4O4o4LCJk6XNwbGFmoj24on0sopF0dHJ1YnV0ZSoIeyJ2eXB3cpx1bps4Ons4YWN06XZ3oj2xLCJs6Wmroj24o4w4dGFyZiV0oj24o4w46HRtbCoIo4J9LCJ1bWFnZSoIeyJhYgR1dpU4OjAsonBhdG54O4o4LCJz6X13Xg54O4o4LCJz6X13Xgk4O4o4LCJ2dGlsoj24onl9fSx7opZ1ZWxkoj24YgJ3YXR3ZF9hdCosopFs6WFzoj24dGJfdXN3cnM4LCJsYWmndWFnZSoIWl0sopxhYpVsoj24QgJ3YXR3ZCBBdCosonZ1ZXc4OjAsopR3dGF1bCoIMSw4ci9ydGF4bGU4OjAsonN3YXJj6CoIMSw4ZG9gbpxvYWQ4OjEsopZybg13b4oIMSw4di3kdG54O4oxMDA4LCJhbG3nb4oIopx3ZnQ4LCJzbgJ0bG3zdCoIojExo4w4Yi9ub4oIeyJiYWx1ZCoIo4osopR4oj24o4w46iVmoj24o4w4ZG3zcGxheSoIo4J9LCJhdHRy6WJldGU4Ons46H3wZXJs6Wmroj17opFjdG3iZSoIMSw4bG3u6yoIo4osonRhcpd3dCoIo4osoph0bWw4O4o4fSw46WlhZiU4Ons4YWN06XZ3oj2wLCJwYXR2oj24o4w4ci3IZV9aoj24o4w4ci3IZV9moj24o4w46HRtbCoIo4J9fX0seyJp6WVsZCoIopxhcgRfbG9n6Wa4LCJhbG3hcyoIonR4XgVzZXJzo4w4bGFuZgVhZiU4O3tdLCJsYWJ3bCoIokxhcgQ5TG9n6Wa4LCJi6WVgoj2wLCJkZXRh6Ww4OjEsonNvcnRhYpx3oj2wLCJzZWFyYi54OjEsopRvdimsbiFkoj2xLCJpcp9IZWa4OjEsond1ZHR2oj24MTAwo4w4YWx1Zia4O4JsZWZ0o4w4ci9ydGx1cgQ4O4oxM4osopNvbpa4Ons4dpFs6WQ4O4o4LCJkY4oIo4osopt3eSoIo4osopR1cgBsYXk4O4o4fSw4YXR0cp34dXR3oj17ophmcGVybG3u6yoIeyJhYgR1dpU4OjEsopx1bps4O4o4LCJ0YXJnZXQ4O4o4LCJ2dGlsoj24on0sop3tYWd3oj17opFjdG3iZSoIMCw4cGF06CoIo4osonN1epVfeCoIo4osonN1epVfeSoIo4osoph0bWw4O4o4fXl9LHs4Zp33bGQ4O4JlcGRhdGVkXiF0o4w4YWx1YXM4O4J0Y39lciVycyosopxhbpdlYWd3oj1bXSw4bGF4ZWw4O4JVcGRhdGVkoEF0o4w4dp33dyoIMCw4ZGV0YW3soj2xLCJzbgJ0YWJsZSoIMSw4ciVhcpN2oj2xLCJkbgdubG9hZCoIMSw4ZnJvepVuoj2xLCJg6WR06CoIojEwMCosopFs6Wduoj24bGVpdCosonNvcnRs6XN0oj24MTM4LCJjbimuoj17onZhbG3koj24o4w4ZGo4O4o4LCJrZXk4O4o4LCJk6XNwbGFmoj24on0sopF0dHJ1YnV0ZSoIeyJ2eXB3cpx1bps4Ons4YWN06XZ3oj2xLCJs6Wmroj24o4w4dGFyZiV0oj24o4w46HRtbCoIo4J9LCJ1bWFnZSoIeyJhYgR1dpU4OjAsonBhdG54O4o4LCJz6X13Xg54O4o4LCJz6X13Xgk4O4o4LCJ2dGlsoj24onl9fSx7opZ1ZWxkoj24YWN06XZ3o4w4YWx1YXM4O4J0Y39lciVycyosopxhbpdlYWd3oj1bXSw4bGF4ZWw4O4JBYgR1dpU4LCJi6WVgoj2xLCJkZXRh6Ww4OjEsonNvcnRhYpx3oj2xLCJzZWFyYi54OjEsopRvdimsbiFkoj2wLCJpcp9IZWa4OjEsond1ZHR2oj24MTAwo4w4YWx1Zia4O4o4LCJzbgJ0bG3zdCoIojE0o4w4Yi9ub4oIeyJiYWx1ZCoIo4osopR4oj24o4w46iVmoj24o4w4ZG3zcGxheSoIo4J9LCJhdHRy6WJldGU4Ons46H3wZXJs6Wmroj17opFjdG3iZSoIMSw4bG3u6yoIo4osonRhcpd3dCoIo4osoph0bWw4O4o4fSw46WlhZiU4Ons4YWN06XZ3oj2wLCJwYXR2oj24o4w4ci3IZV9aoj24o4w4ci3IZV9moj24o4w46HRtbCoIo4J9fXldfQ==', NULL);
INSERT INTO `tb_module` VALUES(2, 'groups', 'Users Group', 'View All', 'Mango Tm', '2013-07-10 06:45:14', NULL, 'tb_groups', 'group_id', 'core', 'eyJ0YWJsZV9kY4oIonR4XidybgVwcyosonBy6Wlhcn3f6iVmoj246WQ4LCJzcWxfciVsZWN0oj24U0VMRUNUoCBcb3x0dGJfZgJvdXBzLpdybgVwXi3kLFxuXHR0Y39ncp9lcHMubpFtZSxcb3x0dGJfZgJvdXBzLpR3ciNy6XB06W9uLFxuXHR0Y39ncp9lcHMubGViZWxcb3xuXGmGUk9NoHR4XidybgVwcyA4LCJzcWxfdih3cpU4O4o5oFdoRVJFoHR4XidybgVwcymncp9lcF91ZCBJUyBOTlQ5T3VMTCA4LCJzcWxfZgJvdXA4O4o5oCosopZvcplzoj1beyJp6WVsZCoIopdybgVwXi3ko4w4YWx1YXM4O4J0Y39ncp9lcHM4LCJsYWJ3bCoIokdybgVwoE3ko4w4cpVxdW3yZWQ4O4owo4w4dp33dyoIMSw4Zp9ybV9ncp9lcCoIo4osonRmcGU4O4J26WRkZWa4LCJhZGQ4O4oxo4w4ZWR1dCoIojE4LCJzZWFyYi54OjEsonNvcnRs6XN0oj2wLCJz6X13oj24cgBhbjEyo4w4bgB06W9uoj17op9wdF90eXB3oj1udWxsLCJsbi9rdXBfcXV3cnk4OpmlbGwsopxvbitlcF90YWJsZSoIbnVsbCw4bG9v6gVwXit3eSoIbnVsbCw4bG9v6gVwXgZhbHV3oj1udWxsLCJ1cl9kZXB3bpR3bpNmoj1udWxsLCJsbi9rdXBfZGVwZWmkZWmjeV9rZXk4OpmlbGwsonBhdGhfdG9fdXBsbiFkoj24o4w4dXBsbiFkXgRmcGU4OpmlbGx9fSx7opZ1ZWxkoj24bpFtZSosopFs6WFzoj24dGJfZgJvdXBzo4w4bGF4ZWw4O4JOYWl3o4w4cpVxdW3yZWQ4O4JyZXFl6XJ3ZCosonZ1ZXc4OjEsopZvcplfZgJvdXA4O4o4LCJ0eXB3oj24dGVadCosopFkZCoIZpFsciUsopVk6XQ4OpZhbHN3LCJzZWFyYi54OjEsonNvcnRs6XN0oj2xLCJz6X13oj24cgBhbjEyo4w4bgB06W9uoj17op9wdF90eXB3oj1pYWxzZSw4bG9v6gVwXgFlZXJmoj24o4w4bG9v6gVwXgRhYpx3oj24o4w4bG9v6gVwXit3eSoIZpFsciUsopxvbitlcF9iYWxlZSoIZpFsciUsop3zXiR3cGVuZGVuYgk4OpZhbHN3LCJsbi9rdXBfZGVwZWmkZWmjeV9rZXk4OpZhbHN3LCJwYXR2XgRvXgVwbG9hZCoIo4osonVwbG9hZF90eXB3oj1pYWxzZXl9LHs4Zp33bGQ4O4JkZXNjcp3wdG3vb4osopFs6WFzoj24dGJfZgJvdXBzo4w4bGF4ZWw4O4JEZXNjcp3wdG3vb4osonJ3cXV1cpVkoj24MCosonZ1ZXc4OjEsopZvcplfZgJvdXA4O4o4LCJ0eXB3oj24dGVadGFyZWE4LCJhZGQ4O4o4LCJ3ZG30oj24o4w4ciVhcpN2oj2xLCJzbgJ0bG3zdCoIM4w4ci3IZSoIonNwYWaxM4osop9wdG3vb4oIeyJvcHRfdH3wZSoIo4osopxvbitlcF9xdWVyeSoIo4osopxvbitlcF90YWJsZSoIo4osopxvbitlcF9rZXk4O4o4LCJsbi9rdXBfdpFsdWU4O4o4LCJ1cl9kZXB3bpR3bpNmoj24o4w4bG9v6gVwXiR3cGVuZGVuYg3f6iVmoj24o4w4cGF06F90bl9lcGxvYWQ4O4o4LCJlcGxvYWRfdH3wZSoIo4J9fSx7opZ1ZWxkoj24bGViZWw4LCJhbG3hcyoIonR4XidybgVwcyosopxhYpVsoj24TGViZWw4LCJyZXFl6XJ3ZCoIonJ3cXV1cpVko4w4dp33dyoIMSw4Zp9ybV9ncp9lcCoIo4osonRmcGU4O4J0ZXh0XimlbWJ3c4osopFkZCoIZpFsciUsopVk6XQ4OpZhbHN3LCJzZWFyYi54OjEsonNvcnRs6XN0oj2zLCJz6X13oj24cgBhbjEyo4w4bgB06W9uoj17op9wdF90eXB3oj1pYWxzZSw4bG9v6gVwXgFlZXJmoj24o4w4bG9v6gVwXgRhYpx3oj24o4w4bG9v6gVwXit3eSoIZpFsciUsopxvbitlcF9iYWxlZSoIZpFsciUsop3zXiR3cGVuZGVuYgk4OpZhbHN3LCJsbi9rdXBfZGVwZWmkZWmjeV9rZXk4OpZhbHN3LCJwYXR2XgRvXgVwbG9hZCoIo4osonVwbG9hZF90eXB3oj1pYWxzZXl9XSw4ZgJ1ZCoIWgs4Zp33bGQ4O4Jncp9lcF91ZCosopFs6WFzoj24dGJfZgJvdXBzo4w4bGF4ZWw4O4JJRCosonZ1ZXc4OjEsopR3dGF1bCoIMSw4ci9ydGF4bGU4OjEsonN3YXJj6CoIMSw4ZG9gbpxvYWQ4OjEsopZybg13b4oIMSw4di3kdG54O4oxMDA4LCJhbG3nb4oIopx3ZnQ4LCJzbgJ0bG3zdCoIojA4LCJhdHRy6WJldGU4Ons46H3wZXJs6Wmroj17opFjdG3iZSoIMCw4bG3u6yoIo4osonRhcpd3dCoIo39zZWxpo4w46HRtbCoIo4J9LCJ1bWFnZSoIeyJhYgR1dpU4OjAsonBhdG54O4o4LCJz6X13Xg54O4o4LCJz6X13Xgk4O4o4LCJ2dGlsoj24onl9fSx7opZ1ZWxkoj24bpFtZSosopFs6WFzoj24dGJfZgJvdXBzo4w4bGF4ZWw4O4JOYWl3o4w4dp33dyoIMSw4ZGV0YW3soj2xLCJzbgJ0YWJsZSoIMSw4ciVhcpN2oj2xLCJkbgdubG9hZCoIMSw4ZnJvepVuoj2xLCJg6WR06CoIojEwMCosopFs6Wduoj24o4w4ci9ydGx1cgQ4O4oxo4w4YXR0cp34dXR3oj17ophmcGVybG3u6yoIeyJhYgR1dpU4OjAsopx1bps4O4o4LCJ0YXJnZXQ4O4JfciVsZ4osoph0bWw4O4o4fSw46WlhZiU4Ons4YWN06XZ3oj2wLCJwYXR2oj24o4w4ci3IZV9aoj24o4w4ci3IZV9moj24o4w46HRtbCoIo4J9fX0seyJp6WVsZCoIopR3ciNy6XB06W9uo4w4YWx1YXM4O4J0Y39ncp9lcHM4LCJsYWJ3bCoIokR3ciNy6XB06W9uo4w4dp33dyoIMSw4ZGV0YW3soj2xLCJzbgJ0YWJsZSoIMSw4ciVhcpN2oj2xLCJkbgdubG9hZCoIMSw4ZnJvepVuoj2xLCJg6WR06CoIojEwMCosopFs6Wduoj24o4w4ci9ydGx1cgQ4O4oyo4w4YXR0cp34dXR3oj17ophmcGVybG3u6yoIeyJhYgR1dpU4OjAsopx1bps4O4o4LCJ0YXJnZXQ4O4JfciVsZ4osoph0bWw4O4o4fSw46WlhZiU4Ons4YWN06XZ3oj2wLCJwYXR2oj24o4w4ci3IZV9aoj24o4w4ci3IZV9moj24o4w46HRtbCoIo4J9fX0seyJp6WVsZCoIopx3dpVso4w4YWx1YXM4O4J0Y39ncp9lcHM4LCJsYWJ3bCoIokx3dpVso4w4dp33dyoIMSw4ZGV0YW3soj2xLCJzbgJ0YWJsZSoIMSw4ciVhcpN2oj2xLCJkbgdubG9hZCoIMSw4ZnJvepVuoj2xLCJg6WR06CoIojEwMCosopFs6Wduoj24bGVpdCosonNvcnRs6XN0oj24MyosopF0dHJ1YnV0ZSoIeyJ2eXB3cpx1bps4Ons4YWN06XZ3oj2wLCJs6Wmroj24o4w4dGFyZiV0oj24XgN3bGY4LCJ2dGlsoj24on0sop3tYWd3oj17opFjdG3iZSoIMCw4cGF06CoIo4osonN1epVfeCoIo4osonN1epVfeSoIo4osoph0bWw4O4o4fXl9XX0=', NULL);
INSERT INTO `tb_module` VALUES(4, 'module', 'Module Management', 'All module applications', 'Mango Tm', '2013-08-25 04:58:43', NULL, 'tb_module', 'module_id', 'core', 'eyJ0YWJsZV9kY4oIonR4XilvZHVsZSosonBy6Wlhcn3f6iVmoj24bW9kdWx3Xi3ko4w4cgFsXgN3bGVjdCoIo3NFTEVDVCB0Y39tbiRlbGUubW9kdWx3Xi3kLHR4XilvZHVsZSmtbiRlbGVfbpFtZSx0Y39tbiRlbGUubW9kdWx3XgR1dGx3LHR4XilvZHVsZSmtbiRlbGVfbp90ZSx0Y39tbiRlbGUubW9kdWx3XiFldGhvc4x0Y39tbiRlbGUubW9kdWx3XiNyZWF0ZWQsdGJfbW9kdWx3LplvZHVsZV9kZXNjLHR4XilvZHVsZSmtbiRlbGVfZGosdGJfbW9kdWx3LplvZHVsZV9kY39rZXksdGJfbW9kdWx3LplvZHVsZV90eXB3LHR4XilvZHVsZSmncp9lcF91ZCx0Y39tbiRlbGUubW9kdWx3XgBhdG55oEZST005dGJfbW9kdWx3oCosonNxbF9g6GVyZSoIo4A5oFdoRVJFoHR4XilvZHVsZSmtbiRlbGVf6WQ5SVM5Tk9UoEmVTEw5QUmEoGlvZHVsZV9uYWl3oCE9JilvZHVsZSc5oCosonNxbF9ncp9lcCoIo4A5oCA4LCJpbgJtcyoIWgs4Zp33bGQ4O4JtbiRlbGVf6WQ4LCJhbG3hcyoIonR4XilvZHVsZSosopxhYpVsoj24TW9kdWx3oE3ko4w4Zp9ybV9ncp9lcCoIo4osonJ3cXV1cpVkoj24MCosonZ1ZXc4OjEsonRmcGU4O4J26WRkZWa4LCJhZGQ4OpZhbHN3LCJ3ZG30oj1pYWxzZSw4ciVhcpN2oj2wLCJz6X13oj24cgBhbjEyo4w4ci9ydGx1cgQ4O4owo4w4bgB06W9uoj17op9wdF90eXB3oj1pYWxzZSw4bG9v6gVwXgFlZXJmoj24o4w4bG9v6gVwXgRhYpx3oj24o4w4bG9v6gVwXit3eSoIZpFsciUsopxvbitlcF9iYWxlZSoIZpFsciUsop3zXiR3cGVuZGVuYgk4OpZhbHN3LCJsbi9rdXBfZGVwZWmkZWmjeV9rZXk4OpZhbHN3LCJwYXR2XgRvXgVwbG9hZCoIo4osonVwbG9hZF90eXB3oj1pYWxzZSw4dG9vbHR1cCoIo4osopF0dHJ1YnV0ZSoIo4osopVadGVuZF9jbGFzcyoIo4J9fSx7opZ1ZWxkoj24bW9kdWx3XimhbWU4LCJhbG3hcyoIonR4XilvZHVsZSosopxhYpVsoj24TW9kdWx3oEmhbWU4LCJpbgJtXidybgVwoj24o4w4cpVxdW3yZWQ4O4owo4w4dp33dyoIMCw4dH3wZSoIonR3eHQ4LCJhZGQ4O4o4LCJ3ZG30oj24o4w4ciVhcpN2oj2xLCJz6X13oj24cgBhbjEyo4w4ci9ydGx1cgQ4OjEsop9wdG3vb4oIeyJvcHRfdH3wZSoIo4osopxvbitlcF9xdWVyeSoIo4osopxvbitlcF90YWJsZSoIojA4LCJsbi9rdXBf6iVmoj24o4w4bG9v6gVwXgZhbHV3oj24o4w46XNfZGVwZWmkZWmjeSoIo4osopxvbitlcF9kZXB3bpR3bpNmXit3eSoIo4osonBhdGhfdG9fdXBsbiFkoj24o4w4dXBsbiFkXgRmcGU4O4o4LCJ0bi9sdG3woj24o4w4YXR0cp34dXR3oj24o4w4ZXh0ZWmkXiNsYXNzoj24onl9LHs4Zp33bGQ4O4JtbiRlbGVfdG30bGU4LCJhbG3hcyoIonR4XilvZHVsZSosopxhYpVsoj24TW9kdWx3oFR1dGx3o4w4Zp9ybV9ncp9lcCoIo4osonJ3cXV1cpVkoj24MSosonZ1ZXc4OjEsonRmcGU4O4J0ZXh0o4w4YWRkoj24o4w4ZWR1dCoIo4osonN3YXJj6CoIMSw4ci3IZSoIonNwYWaxM4osonNvcnRs6XN0oj2yLCJvcHR1bia4Ons4bgB0XgRmcGU4O4o4LCJsbi9rdXBfcXV3cnk4O4o4LCJsbi9rdXBfdGF4bGU4O4owo4w4bG9v6gVwXit3eSoIo4osopxvbitlcF9iYWxlZSoIo4osop3zXiR3cGVuZGVuYgk4O4o4LCJsbi9rdXBfZGVwZWmkZWmjeV9rZXk4O4o4LCJwYXR2XgRvXgVwbG9hZCoIo4osonVwbG9hZF90eXB3oj24o4w4dG9vbHR1cCoIo4osopF0dHJ1YnV0ZSoIo4osopVadGVuZF9jbGFzcyoIo4J9fSx7opZ1ZWxkoj24bW9kdWx3XimvdGU4LCJhbG3hcyoIonR4XilvZHVsZSosopxhYpVsoj24TW9kdWx3oEmvdGU4LCJpbgJtXidybgVwoj24o4w4cpVxdW3yZWQ4O4o4LCJi6WVgoj24MSosonRmcGU4O4J0ZXh0o4w4YWRkoj24MSosopVk6XQ4O4oxo4w4ciVhcpN2oj24MSosonN1epU4O4JzcGFuMTo4LCJzbgJ0bG3zdCoIMyw4bgB06W9uoj17op9wdF90eXB3oj24o4w4bG9v6gVwXgFlZXJmoj24o4w4bG9v6gVwXgRhYpx3oj24o4w4bG9v6gVwXit3eSoIo4osopxvbitlcF9iYWxlZSoIo4osop3zXiR3cGVuZGVuYgk4O4o4LCJsbi9rdXBfZGVwZWmkZWmjeV9rZXk4O4o4LCJwYXR2XgRvXgVwbG9hZCoIo4osonVwbG9hZF90eXB3oj24o4w4dG9vbHR1cCoIo4osopF0dHJ1YnV0ZSoIo4osopVadGVuZF9jbGFzcyoIo4J9fSx7opZ1ZWxkoj24bW9kdWx3XiFldGhvc4osopFs6WFzoj24dGJfbW9kdWx3o4w4bGF4ZWw4O4JNbiRlbGU5QXV06G9yo4w4Zp9ybV9ncp9lcCoIo4osonJ3cXV1cpVkoj24MCosonZ1ZXc4OjAsonRmcGU4O4J0ZXh0o4w4YWRkoj24o4w4ZWR1dCoIo4osonN3YXJj6CoIMSw4ci3IZSoIonNwYWaxM4osonNvcnRs6XN0oj20LCJvcHR1bia4Ons4bgB0XgRmcGU4O4o4LCJsbi9rdXBfcXV3cnk4O4o4LCJsbi9rdXBfdGF4bGU4O4owo4w4bG9v6gVwXit3eSoIo4osopxvbitlcF9iYWxlZSoIo4osop3zXiR3cGVuZGVuYgk4O4o4LCJsbi9rdXBfZGVwZWmkZWmjeV9rZXk4O4o4LCJwYXR2XgRvXgVwbG9hZCoIo4osonVwbG9hZF90eXB3oj24o4w4dG9vbHR1cCoIo4osopF0dHJ1YnV0ZSoIo4osopVadGVuZF9jbGFzcyoIo4J9fSx7opZ1ZWxkoj24bW9kdWx3XiNyZWF0ZWQ4LCJhbG3hcyoIonR4XilvZHVsZSosopxhYpVsoj24TW9kdWx3oENyZWF0ZWQ4LCJpbgJtXidybgVwoj24o4w4cpVxdW3yZWQ4O4owo4w4dp33dyoIMCw4dH3wZSoIonR3eHRfZGF0ZXR1bWU4LCJhZGQ4O4o4LCJ3ZG30oj24o4w4ciVhcpN2oj2xLCJz6X13oj24cgBhbjEyo4w4ci9ydGx1cgQ4OjUsop9wdG3vb4oIeyJvcHRfdH3wZSoIo4osopxvbitlcF9xdWVyeSoIo4osopxvbitlcF90YWJsZSoIojA4LCJsbi9rdXBf6iVmoj24o4w4bG9v6gVwXgZhbHV3oj24o4w46XNfZGVwZWmkZWmjeSoIo4osopxvbitlcF9kZXB3bpR3bpNmXit3eSoIo4osonBhdGhfdG9fdXBsbiFkoj24o4w4dXBsbiFkXgRmcGU4O4o4LCJ0bi9sdG3woj24o4w4YXR0cp34dXR3oj24o4w4ZXh0ZWmkXiNsYXNzoj24onl9LHs4Zp33bGQ4O4JtbiRlbGVfZGVzYyosopFs6WFzoj24dGJfbW9kdWx3o4w4bGF4ZWw4O4JNbiRlbGU5RGVzYyosopZvcplfZgJvdXA4O4o4LCJyZXFl6XJ3ZCoIojA4LCJi6WVgoj2wLCJ0eXB3oj24dGVadGFyZWE4LCJhZGQ4O4o4LCJ3ZG30oj24o4w4ciVhcpN2oj2xLCJz6X13oj24cgBhbjEyo4w4ci9ydGx1cgQ4OjYsop9wdG3vb4oIeyJvcHRfdH3wZSoIo4osopxvbitlcF9xdWVyeSoIo4osopxvbitlcF90YWJsZSoIojA4LCJsbi9rdXBf6iVmoj24o4w4bG9v6gVwXgZhbHV3oj24o4w46XNfZGVwZWmkZWmjeSoIo4osopxvbitlcF9kZXB3bpR3bpNmXit3eSoIo4osonBhdGhfdG9fdXBsbiFkoj24o4w4dXBsbiFkXgRmcGU4O4o4LCJ0bi9sdG3woj24o4w4YXR0cp34dXR3oj24o4w4ZXh0ZWmkXiNsYXNzoj24onl9LHs4Zp33bGQ4O4JtbiRlbGVfZGo4LCJhbG3hcyoIonR4XilvZHVsZSosopxhYpVsoj24TW9kdWx3oER4o4w4Zp9ybV9ncp9lcCoIo4osonJ3cXV1cpVkoj24MCosonZ1ZXc4OjAsonRmcGU4O4J0ZXh0o4w4YWRkoj24o4w4ZWR1dCoIo4osonN3YXJj6CoIMSw4ci3IZSoIonNwYWaxM4osonNvcnRs6XN0oj2gLCJvcHR1bia4Ons4bgB0XgRmcGU4O4o4LCJsbi9rdXBfcXV3cnk4O4o4LCJsbi9rdXBfdGF4bGU4O4owo4w4bG9v6gVwXit3eSoIo4osopxvbitlcF9iYWxlZSoIo4osop3zXiR3cGVuZGVuYgk4O4o4LCJsbi9rdXBfZGVwZWmkZWmjeV9rZXk4O4o4LCJwYXR2XgRvXgVwbG9hZCoIo4osonVwbG9hZF90eXB3oj24o4w4dG9vbHR1cCoIo4osopF0dHJ1YnV0ZSoIo4osopVadGVuZF9jbGFzcyoIo4J9fSx7opZ1ZWxkoj24bW9kdWx3XiR4Xit3eSosopFs6WFzoj24dGJfbW9kdWx3o4w4bGF4ZWw4O4JNbiRlbGU5RGo5SiVmo4w4Zp9ybV9ncp9lcCoIo4osonJ3cXV1cpVkoj24MCosonZ1ZXc4OjAsonRmcGU4O4J0ZXh0o4w4YWRkoj24o4w4ZWR1dCoIo4osonN3YXJj6CoIMSw4ci3IZSoIonNwYWaxM4osonNvcnRs6XN0oj2aLCJvcHR1bia4Ons4bgB0XgRmcGU4O4o4LCJsbi9rdXBfcXV3cnk4O4o4LCJsbi9rdXBfdGF4bGU4O4owo4w4bG9v6gVwXit3eSoIo4osopxvbitlcF9iYWxlZSoIo4osop3zXiR3cGVuZGVuYgk4O4o4LCJsbi9rdXBfZGVwZWmkZWmjeV9rZXk4O4o4LCJwYXR2XgRvXgVwbG9hZCoIo4osonVwbG9hZF90eXB3oj24o4w4dG9vbHR1cCoIo4osopF0dHJ1YnV0ZSoIo4osopVadGVuZF9jbGFzcyoIo4J9fSx7opZ1ZWxkoj24bW9kdWx3XgRmcGU4LCJhbG3hcyoIonR4XilvZHVsZSosopxhYpVsoj24TW9kdWx3oFRmcGU4LCJpbgJtXidybgVwoj24o4w4cpVxdW3yZWQ4O4owo4w4dp33dyoIMCw4dH3wZSoIonR3eHQ4LCJhZGQ4O4o4LCJ3ZG30oj24o4w4ciVhcpN2oj2xLCJz6X13oj24cgBhbjEyo4w4ci9ydGx1cgQ4Ojksop9wdG3vb4oIeyJvcHRfdH3wZSoIo4osopxvbitlcF9xdWVyeSoIo4osopxvbitlcF90YWJsZSoIojA4LCJsbi9rdXBf6iVmoj24o4w4bG9v6gVwXgZhbHV3oj24o4w46XNfZGVwZWmkZWmjeSoIo4osopxvbitlcF9kZXB3bpR3bpNmXit3eSoIo4osonBhdGhfdG9fdXBsbiFkoj24o4w4dXBsbiFkXgRmcGU4O4o4LCJ0bi9sdG3woj24o4w4YXR0cp34dXR3oj24o4w4ZXh0ZWmkXiNsYXNzoj24onl9LHs4Zp33bGQ4O4Jncp9lcF91ZCosopFs6WFzoj24dGJfbW9kdWx3o4w4bGF4ZWw4O4JNbiRlbGU5RgJvdXA4LCJpbgJtXidybgVwoj24o4w4cpVxdW3yZWQ4O4owo4w4dp33dyoIMSw4dH3wZSoIonN3bGVjdCosopFkZCoIo4osopVk6XQ4O4o4LCJzZWFyYi54OjEsonN1epU4O4JzcGFuMTo4LCJzbgJ0bG3zdCoIMTAsop9wdG3vb4oIeyJvcHRfdH3wZSoIopVadGVybpFso4w4bG9v6gVwXgFlZXJmoj24o4w4bG9v6gVwXgRhYpx3oj24dGJfbW9kdWx3XidybgVwcyosopxvbitlcF9rZXk4O4Jncp9lcF91ZCosopxvbitlcF9iYWxlZSoIopdybgVwXimhbWU4LCJ1cl9kZXB3bpR3bpNmoj24o4w4bG9v6gVwXiR3cGVuZGVuYg3f6iVmoj24o4w4cGF06F90bl9lcGxvYWQ4O4o4LCJlcGxvYWRfdH3wZSoIo4osonRvbix06XA4O4o4LCJhdHRy6WJldGU4O4o4LCJ3eHR3bpRfYixhcgM4O4o4fX0seyJp6WVsZCoIoplvZHVsZV9wYXR2o4w4YWx1YXM4O4J0Y39tbiRlbGU4LCJsYWJ3bCoIoklvZHVsZSBQYXR2o4w4Zp9ybV9ncp9lcCoIo4osonJ3cXV1cpVkoj24o4w4dp33dyoIojE4LCJ0eXB3oj24dGVadGFyZWE4LCJhZGQ4O4oxo4w4ZWR1dCoIojE4LCJzZWFyYi54O4oxo4w4ci3IZSoIonNwYWaxM4osonNvcnRs6XN0oj2xMSw4bgB06W9uoj17op9wdF90eXB3oj24o4w4bG9v6gVwXgFlZXJmoj24o4w4bG9v6gVwXgRhYpx3oj24o4w4bG9v6gVwXit3eSoIo4osopxvbitlcF9iYWxlZSoIo4osop3zXiR3cGVuZGVuYgk4O4o4LCJsbi9rdXBfZGVwZWmkZWmjeV9rZXk4O4o4LCJwYXR2XgRvXgVwbG9hZCoIo4osonVwbG9hZF90eXB3oj24o4w4dG9vbHR1cCoIo4osopF0dHJ1YnV0ZSoIo4osopVadGVuZF9jbGFzcyoIo4J9fV0sopdy6WQ4O3t7opZ1ZWxkoj24bW9kdWx3Xi3ko4w4YWx1YXM4O4J0Y39tbiRlbGU4LCJsYWJ3bCoIoklvZHVsZSBJZCosonZ1ZXc4OjAsopR3dGF1bCoIMSw4ci9ydGF4bGU4OjEsonN3YXJj6CoIMSw4ZG9gbpxvYWQ4OjAsopZybg13b4oIMSw4di3kdG54O4oxMDA4LCJhbG3nb4oIopx3ZnQ4LCJzbgJ0bG3zdCoIojE4LCJhdHRy6WJldGU4Ons46H3wZXJs6Wmroj17opFjdG3iZSoIMCw4bG3u6yoIo4osonRhcpd3dCoIo39zZWxpo4w46HRtbCoIo4J9LCJ1bWFnZSoIeyJhYgR1dpU4OjAsonBhdG54O4o4LCJz6X13Xg54O4o4LCJz6X13Xgk4O4o4LCJ2dGlsoj24onl9fSx7opZ1ZWxkoj24bW9kdWx3XgBhdG54LCJhbG3hcyoIonR4XilvZHVsZSosopxhYpVsoj24QXBwcyosonZ1ZXc4OjEsopR3dGF1bCoIMSw4ci9ydGF4bGU4OjEsonN3YXJj6CoIMSw4ZG9gbpxvYWQ4OjEsopZybg13b4oIMSw4di3kdG54O4oxMDA4LCJhbG3nb4oIopx3ZnQ4LCJzbgJ0bG3zdCoIojo4LCJhdHRy6WJldGU4Ons46H3wZXJs6Wmroj17opFjdG3iZSoIMCw4bG3u6yoIo4osonRhcpd3dCoIo39zZWxpo4w46HRtbCoIo4J9LCJ1bWFnZSoIeyJhYgR1dpU4OjAsonBhdG54O4o4LCJz6X13Xg54O4o4LCJz6X13Xgk4O4o4LCJ2dGlsoj24onl9fSx7opZ1ZWxkoj24bW9kdWx3XimhbWU4LCJhbG3hcyoIonR4XilvZHVsZSosopxhYpVsoj24Qi9udHJvbGx3c4osonZ1ZXc4OjEsopR3dGF1bCoIMSw4ci9ydGF4bGU4OjEsonN3YXJj6CoIMSw4ZG9gbpxvYWQ4OjEsopZybg13b4oIMSw4di3kdG54O4oxMDA4LCJhbG3nb4oIopx3ZnQ4LCJzbgJ0bG3zdCoIojM4LCJhdHRy6WJldGU4Ons46H3wZXJs6Wmroj17opFjdG3iZSoIMCw4bG3u6yoIo4osonRhcpd3dCoIo39zZWxpo4w46HRtbCoIo4J9LCJ1bWFnZSoIeyJhYgR1dpU4OjAsonBhdG54O4o4LCJz6X13Xg54O4o4LCJz6X13Xgk4O4o4LCJ2dGlsoj24onl9fSx7opZ1ZWxkoj24bW9kdWx3XgR1dGx3o4w4YWx1YXM4O4J0Y39tbiRlbGU4LCJsYWJ3bCoIoklvZHVsZSBOYWl3o4w4dp33dyoIMSw4ZGV0YW3soj2xLCJzbgJ0YWJsZSoIMSw4ciVhcpN2oj2xLCJkbgdubG9hZCoIMSw4ZnJvepVuoj2xLCJg6WR06CoIojEyMCosopFs6Wduoj24bGVpdCosonNvcnRs6XN0oj24NCosopF0dHJ1YnV0ZSoIeyJ2eXB3cpx1bps4Ons4YWN06XZ3oj2wLCJs6Wmroj24o4w4dGFyZiV0oj24XgN3bGY4LCJ2dGlsoj24on0sop3tYWd3oj17opFjdG3iZSoIMCw4cGF06CoIo4osonN1epVfeCoIo4osonN1epVfeSoIo4osoph0bWw4O4o4fXl9LHs4Zp33bGQ4O4JtbiRlbGVfbp90ZSosopFs6WFzoj24dGJfbW9kdWx3o4w4bGF4ZWw4O4JObgR3o4w4dp33dyoIMSw4ZGV0YW3soj2xLCJzbgJ0YWJsZSoIMSw4ciVhcpN2oj2xLCJkbgdubG9hZCoIMSw4ZnJvepVuoj2xLCJg6WR06CoIojElMCosopFs6Wduoj24bGVpdCosonNvcnRs6XN0oj24NSosopF0dHJ1YnV0ZSoIeyJ2eXB3cpx1bps4Ons4YWN06XZ3oj2wLCJs6Wmroj24o4w4dGFyZiV0oj24XgN3bGY4LCJ2dGlsoj24on0sop3tYWd3oj17opFjdG3iZSoIMCw4cGF06CoIo4osonN1epVfeCoIo4osonN1epVfeSoIo4osoph0bWw4O4o4fXl9LHs4Zp33bGQ4O4JtbiRlbGVfYXV06G9yo4w4YWx1YXM4O4J0Y39tbiRlbGU4LCJsYWJ3bCoIokFldGhvc4osonZ1ZXc4OjEsopR3dGF1bCoIMSw4ci9ydGF4bGU4OjEsonN3YXJj6CoIMSw4ZG9gbpxvYWQ4OjEsopZybg13b4oIMSw4di3kdG54O4oxMDA4LCJhbG3nb4oIopx3ZnQ4LCJzbgJ0bG3zdCoIojY4LCJhdHRy6WJldGU4Ons46H3wZXJs6Wmroj17opFjdG3iZSoIMCw4bG3u6yoIo4osonRhcpd3dCoIo39zZWxpo4w46HRtbCoIo4J9LCJ1bWFnZSoIeyJhYgR1dpU4OjAsonBhdG54O4o4LCJz6X13Xg54O4o4LCJz6X13Xgk4O4o4LCJ2dGlsoj24onl9fSx7opZ1ZWxkoj24bW9kdWx3XiNyZWF0ZWQ4LCJhbG3hcyoIonR4XilvZHVsZSosopxhYpVsoj24QgJ3YXR3ZCosonZ1ZXc4OjAsopR3dGF1bCoIMSw4ci9ydGF4bGU4OjEsonN3YXJj6CoIMSw4ZG9gbpxvYWQ4OjAsopZybg13b4oIMSw4di3kdG54O4oxMDA4LCJhbG3nb4oIopx3ZnQ4LCJzbgJ0bG3zdCoIojc4LCJhdHRy6WJldGU4Ons46H3wZXJs6Wmroj17opFjdG3iZSoIMCw4bG3u6yoIo4osonRhcpd3dCoIo39zZWxpo4w46HRtbCoIo4J9LCJ1bWFnZSoIeyJhYgR1dpU4OjAsonBhdG54O4o4LCJz6X13Xg54O4o4LCJz6X13Xgk4O4o4LCJ2dGlsoj24onl9fSx7opZ1ZWxkoj24bW9kdWx3XiR3ciM4LCJhbG3hcyoIonR4XilvZHVsZSosopxhYpVsoj24TW9kdWx3oER3ciM4LCJi6WVgoj2wLCJkZXRh6Ww4OjEsonNvcnRhYpx3oj2xLCJzZWFyYi54OjEsopRvdimsbiFkoj2xLCJpcp9IZWa4OjEsond1ZHR2oj24MTAwo4w4YWx1Zia4O4JsZWZ0o4w4ci9ydGx1cgQ4O4oao4w4YXR0cp34dXR3oj17ophmcGVybG3u6yoIeyJhYgR1dpU4OjAsopx1bps4O4o4LCJ0YXJnZXQ4O4JfciVsZ4osoph0bWw4O4o4fSw46WlhZiU4Ons4YWN06XZ3oj2wLCJwYXR2oj24o4w4ci3IZV9aoj24o4w4ci3IZV9moj24o4w46HRtbCoIo4J9fX0seyJp6WVsZCoIoplvZHVsZV9kY4osopFs6WFzoj24dGJfbW9kdWx3o4w4bGF4ZWw4O4JNbiRlbGU5RGo4LCJi6WVgoj2wLCJkZXRh6Ww4OjEsonNvcnRhYpx3oj2xLCJzZWFyYi54OjEsopRvdimsbiFkoj2xLCJpcp9IZWa4OjEsond1ZHR2oj24MTAwo4w4YWx1Zia4O4JsZWZ0o4w4ci9ydGx1cgQ4O4omo4w4YXR0cp34dXR3oj17ophmcGVybG3u6yoIeyJhYgR1dpU4OjAsopx1bps4O4o4LCJ0YXJnZXQ4O4JfciVsZ4osoph0bWw4O4o4fSw46WlhZiU4Ons4YWN06XZ3oj2wLCJwYXR2oj24o4w4ci3IZV9aoj24o4w4ci3IZV9moj24o4w46HRtbCoIo4J9fX0seyJp6WVsZCoIoplvZHVsZV9kY39rZXk4LCJhbG3hcyoIonR4XilvZHVsZSosopxhYpVsoj24TW9kdWx3oER4oEt3eSosonZ1ZXc4OjAsopR3dGF1bCoIMSw4ci9ydGF4bGU4OjEsonN3YXJj6CoIMSw4ZG9gbpxvYWQ4OjEsopZybg13b4oIMSw4di3kdG54O4oxMDA4LCJhbG3nb4oIopx3ZnQ4LCJzbgJ0bG3zdCoIojEwo4w4YXR0cp34dXR3oj17ophmcGVybG3u6yoIeyJhYgR1dpU4OjAsopx1bps4O4o4LCJ0YXJnZXQ4O4JfciVsZ4osoph0bWw4O4o4fSw46WlhZiU4Ons4YWN06XZ3oj2wLCJwYXR2oj24o4w4ci3IZV9aoj24o4w4ci3IZV9moj24o4w46HRtbCoIo4J9fX0seyJp6WVsZCoIoplvZHVsZV90eXB3o4w4YWx1YXM4O4J0Y39tbiRlbGU4LCJsYWJ3bCoIo3RmcGU4LCJi6WVgoj2xLCJkZXRh6Ww4OjEsonNvcnRhYpx3oj2xLCJzZWFyYi54OjEsopRvdimsbiFkoj2xLCJpcp9IZWa4OjEsond1ZHR2oj24MTAwo4w4YWx1Zia4O4JsZWZ0o4w4ci9ydGx1cgQ4O4oxMSosopF0dHJ1YnV0ZSoIeyJ2eXB3cpx1bps4Ons4YWN06XZ3oj2wLCJs6Wmroj24o4w4dGFyZiV0oj24XgN3bGY4LCJ2dGlsoj24on0sop3tYWd3oj17opFjdG3iZSoIMCw4cGF06CoIo4osonN1epVfeCoIo4osonN1epVfeSoIo4osoph0bWw4O4o4fXl9LHs4Zp33bGQ4O4Jncp9lcF91ZCosopFs6WFzoj24dGJfbW9kdWx3o4w4bGF4ZWw4O4JHcp9lcCBJZCosonZ1ZXc4OjAsopR3dGF1bCoIMSw4ci9ydGF4bGU4OjEsonN3YXJj6CoIMSw4ZG9gbpxvYWQ4OjAsopZybg13b4oIMSw4di3kdG54O4oxMDA4LCJhbG3nb4oIopx3ZnQ4LCJzbgJ0bG3zdCoIojEyo4w4YXR0cp34dXR3oj17ophmcGVybG3u6yoIeyJhYgR1dpU4OjAsopx1bps4O4o4LCJ0YXJnZXQ4O4JfciVsZ4osoph0bWw4O4o4fSw46WlhZiU4Ons4YWN06XZ3oj2wLCJwYXR2oj24o4w4ci3IZV9aoj24o4w4ci3IZV9moj24o4w46HRtbCoIo4J9fXldfQ==', NULL);
INSERT INTO `tb_module` VALUES(7, 'menu', 'Menu Management', 'Manage All Menu', 'Mango Tm', '2014-01-06 07:50:29', NULL, 'tb_menu', 'menu_id', 'core', 'eyJ0YWJsZV9kY4oIonR4Xil3bnU4LCJwcp3tYXJmXit3eSoIopl3bnVf6WQ4LCJzcWxfciVsZWN0oj24U0VMRUNUoHR4Xil3bnUuK4A5R3JPTSB0Y39tZWmloCosonNxbF9g6GVyZSoIo4BXSEVSRSB0Y39tZWmlLpl3bnVf6WQ5SVM5Tk9UoEmVTEw4LCJzcWxfZgJvdXA4O4o4LCJncp3koj1beyJp6WVsZCoIopl3bnVf6WQ4LCJhbG3hcyoIonR4Xil3bnU4LCJsYWJ3bCoIokl3bnU5SWQ4LCJi6WVgoj24MCosopR3dGF1bCoIojA4LCJzbgJ0YWJsZSoIojE4LCJzZWFyYi54O4oxo4w4ZG9gbpxvYWQ4O4oxo4w4ZnJvepVuoj24MCosoph1ZGR3b4oIojA4LCJhbG3nb4oIopx3ZnQ4LCJg6WR06CoIojEwMCosonNvcnRs6XN0oj24MCosopF0dHJ1YnV0ZSoIeyJ2eXB3cpx1bps4Ons4YWN06XZ3oj1pYWxzZSw4bG3u6yoIo4osonRhcpd3dCoIo4osoph0bWw4O4o4fSw46WlhZiU4Ons4YWN06XZ3oj1pYWxzZSw4cGF06CoIo4osonN1epVfeCoIo4osonN1epVfeSoIo4osoph0bWw4O4o4fX0sonRmcGU4O4J0ZXh0on0seyJp6WVsZCoIonBhcpVudF91ZCosopFs6WFzoj24dGJfbWVudSosopxhYpVsoj24UGFyZWm0oE3ko4w4dp33dyoIojE4LCJkZXRh6Ww4O4oxo4w4ci9ydGF4bGU4O4oxo4w4ciVhcpN2oj24MSosopRvdimsbiFkoj24MSosopZybg13b4oIojA4LCJ26WRkZWa4O4oxo4w4YWx1Zia4O4JsZWZ0o4w4di3kdG54O4oxMDA4LCJzbgJ0bG3zdCoIojE4LCJhdHRy6WJldGU4Ons46H3wZXJs6Wmroj17opFjdG3iZSoIZpFsciUsopx1bps4O4o4LCJ0YXJnZXQ4O4o4LCJ2dGlsoj24on0sop3tYWd3oj17opFjdG3iZSoIZpFsciUsonBhdG54O4o4LCJz6X13Xg54O4o4LCJz6X13Xgk4O4o4LCJ2dGlsoj24onl9LCJ0eXB3oj24dGVadCJ9LHs4Zp33bGQ4O4JtbiRlbGU4LCJhbG3hcyoIonR4Xil3bnU4LCJsYWJ3bCoIoklvZHVsZSosonZ1ZXc4O4oxo4w4ZGV0YW3soj24MSosonNvcnRhYpx3oj24MSosonN3YXJj6CoIojE4LCJkbgdubG9hZCoIojE4LCJpcp9IZWa4O4owo4w46G3kZGVuoj24MCosopFs6Wduoj24bGVpdCosond1ZHR2oj24MTUwo4w4ci9ydGx1cgQ4O4ozo4w4YXR0cp34dXR3oj17ophmcGVybG3u6yoIeyJhYgR1dpU4OpZhbHN3LCJs6Wmroj24o4w4dGFyZiV0oj24o4w46HRtbCoIo4J9LCJ1bWFnZSoIeyJhYgR1dpU4OpZhbHN3LCJwYXR2oj24o4w4ci3IZV9aoj24o4w4ci3IZV9moj24o4w46HRtbCoIo4J9fSw4dH3wZSoIonR3eHQ4fSx7opZ1ZWxkoj24dXJso4w4YWx1YXM4O4J0Y39tZWmlo4w4bGF4ZWw4O4JVcpw4LCJi6WVgoj24MCosopR3dGF1bCoIojA4LCJzbgJ0YWJsZSoIojE4LCJzZWFyYi54O4oxo4w4ZG9gbpxvYWQ4O4oxo4w4ZnJvepVuoj24MCosoph1ZGR3b4oIojA4LCJhbG3nb4oIopx3ZnQ4LCJg6WR06CoIojEwMCosonNvcnRs6XN0oj24MyosopF0dHJ1YnV0ZSoIeyJ2eXB3cpx1bps4Ons4YWN06XZ3oj1pYWxzZSw4bG3u6yoIo4osonRhcpd3dCoIo4osoph0bWw4O4o4fSw46WlhZiU4Ons4YWN06XZ3oj1pYWxzZSw4cGF06CoIo4osonN1epVfeCoIo4osonN1epVfeSoIo4osoph0bWw4O4o4fX0sonRmcGU4O4J0ZXh0on0seyJp6WVsZCoIopl3bnVfbpFtZSosopFs6WFzoj24dGJfbWVudSosopxhYpVsoj24TWVudSBOYWl3o4w4dp33dyoIojE4LCJkZXRh6Ww4O4oxo4w4ci9ydGF4bGU4O4oxo4w4ciVhcpN2oj24MSosopRvdimsbiFkoj24MSosopZybg13b4oIojA4LCJ26WRkZWa4O4owo4w4YWx1Zia4O4JsZWZ0o4w4di3kdG54O4ozMDA4LCJzbgJ0bG3zdCoIojo4LCJhdHRy6WJldGU4Ons46H3wZXJs6Wmroj17opFjdG3iZSoIZpFsciUsopx1bps4O4o4LCJ0YXJnZXQ4O4o4LCJ2dGlsoj24on0sop3tYWd3oj17opFjdG3iZSoIZpFsciUsonBhdG54O4o4LCJz6X13Xg54O4o4LCJz6X13Xgk4O4o4LCJ2dGlsoj24onl9LCJ0eXB3oj24dGVadCJ9LHs4Zp33bGQ4O4JtZWmlXgRmcGU4LCJhbG3hcyoIonR4Xil3bnU4LCJsYWJ3bCoIokl3bnU5VH3wZSosonZ1ZXc4O4owo4w4ZGV0YW3soj24MCosonNvcnRhYpx3oj24MSosonN3YXJj6CoIojE4LCJkbgdubG9hZCoIojE4LCJpcp9IZWa4O4owo4w46G3kZGVuoj24MCosopFs6Wduoj24bGVpdCosond1ZHR2oj24MTAwo4w4ci9ydGx1cgQ4O4olo4w4YXR0cp34dXR3oj17ophmcGVybG3u6yoIeyJhYgR1dpU4OpZhbHN3LCJs6Wmroj24o4w4dGFyZiV0oj24o4w46HRtbCoIo4J9LCJ1bWFnZSoIeyJhYgR1dpU4OpZhbHN3LCJwYXR2oj24o4w4ci3IZV9aoj24o4w4ci3IZV9moj24o4w46HRtbCoIo4J9fSw4dH3wZSoIonR3eHQ4fSx7opZ1ZWxkoj24cp9sZV91ZCosopFs6WFzoj24dGJfbWVudSosopxhYpVsoj24Up9sZSBJZCosonZ1ZXc4O4owo4w4ZGV0YW3soj24MSosonNvcnRhYpx3oj24MSosonN3YXJj6CoIojE4LCJkbgdubG9hZCoIojE4LCJpcp9IZWa4O4owo4w46G3kZGVuoj24MCosopFs6Wduoj24bGVpdCosond1ZHR2oj24MTAwo4w4ci9ydGx1cgQ4O4oio4w4YXR0cp34dXR3oj17ophmcGVybG3u6yoIeyJhYgR1dpU4OpZhbHN3LCJs6Wmroj24o4w4dGFyZiV0oj24o4w46HRtbCoIo4J9LCJ1bWFnZSoIeyJhYgR1dpU4OpZhbHN3LCJwYXR2oj24o4w4ci3IZV9aoj24o4w4ci3IZV9moj24o4w46HRtbCoIo4J9fSw4dH3wZSoIonR3eHQ4fSx7opZ1ZWxkoj24ZGV3cCosopFs6WFzoj24dGJfbWVudSosopxhYpVsoj24RGV3cCosonZ1ZXc4O4owo4w4ZGV0YW3soj24MSosonNvcnRhYpx3oj24MSosonN3YXJj6CoIojE4LCJkbgdubG9hZCoIojE4LCJpcp9IZWa4O4owo4w46G3kZGVuoj24MCosopFs6Wduoj24bGVpdCosond1ZHR2oj24MTAwo4w4ci9ydGx1cgQ4O4ogo4w4YXR0cp34dXR3oj17ophmcGVybG3u6yoIeyJhYgR1dpU4OpZhbHN3LCJs6Wmroj24o4w4dGFyZiV0oj24o4w46HRtbCoIo4J9LCJ1bWFnZSoIeyJhYgR1dpU4OpZhbHN3LCJwYXR2oj24o4w4ci3IZV9aoj24o4w4ci3IZV9moj24o4w46HRtbCoIo4J9fSw4dH3wZSoIonR3eHQ4fSx7opZ1ZWxkoj24bgJkZXJ1bpc4LCJhbG3hcyoIonR4Xil3bnU4LCJsYWJ3bCoIok9yZCosonZ1ZXc4O4oxo4w4ZGV0YW3soj24MSosonNvcnRhYpx3oj24MSosonN3YXJj6CoIojE4LCJkbgdubG9hZCoIojE4LCJpcp9IZWa4O4owo4w46G3kZGVuoj24MCosopFs6Wduoj24bGVpdCosond1ZHR2oj24NTA4LCJzbgJ0bG3zdCoIoj54LCJhdHRy6WJldGU4Ons46H3wZXJs6Wmroj17opFjdG3iZSoIZpFsciUsopx1bps4O4o4LCJ0YXJnZXQ4O4o4LCJ2dGlsoj24on0sop3tYWd3oj17opFjdG3iZSoIZpFsciUsonBhdG54O4o4LCJz6X13Xg54O4o4LCJz6X13Xgk4O4o4LCJ2dGlsoj24onl9LCJ0eXB3oj24dGVadCJ9LHs4Zp33bGQ4O4JwbgN1dG3vb4osopFs6WFzoj24dGJfbWVudSosopxhYpVsoj24UG9z6XR1bia4LCJi6WVgoj24MCosopR3dGF1bCoIojA4LCJzbgJ0YWJsZSoIojE4LCJzZWFyYi54O4oxo4w4ZG9gbpxvYWQ4O4oxo4w4ZnJvepVuoj24MCosoph1ZGR3b4oIojA4LCJhbG3nb4oIopx3ZnQ4LCJg6WR06CoIojEwMCosonNvcnRs6XN0oj24OSosopF0dHJ1YnV0ZSoIeyJ2eXB3cpx1bps4Ons4YWN06XZ3oj1pYWxzZSw4bG3u6yoIo4osonRhcpd3dCoIo4osoph0bWw4O4o4fSw46WlhZiU4Ons4YWN06XZ3oj1pYWxzZSw4cGF06CoIo4osonN1epVfeCoIo4osonN1epVfeSoIo4osoph0bWw4O4o4fX0sonRmcGU4O4J0ZXh0on0seyJp6WVsZCoIopl3bnVf6WNvbnM4LCJhbG3hcyoIonR4Xil3bnU4LCJsYWJ3bCoIo4BJYi9uo4w4dp33dyoIojE4LCJkZXRh6Ww4O4oxo4w4ci9ydGF4bGU4O4oxo4w4ciVhcpN2oj24MSosopRvdimsbiFkoj24MSosopZybg13b4oIojA4LCJ26WRkZWa4O4owo4w4YWx1Zia4O4JsZWZ0o4w4di3kdG54O4olMCosonNvcnRs6XN0oj24MTA4LCJhdHRy6WJldGU4Ons46H3wZXJs6Wmroj17opFjdG3iZSoIZpFsciUsopx1bps4O4o4LCJ0YXJnZXQ4O4o4LCJ2dGlsoj24on0sop3tYWd3oj17opFjdG3iZSoIZpFsciUsonBhdG54O4o4LCJz6X13Xg54O4o4LCJz6X13Xgk4O4o4LCJ2dGlsoj24onl9LCJ0eXB3oj24dGVadCJ9LHs4Zp33bGQ4O4JhYgR1dpU4LCJhbG3hcyoIonR4Xil3bnU4LCJsYWJ3bCoIokFjdG3iZSosonZ1ZXc4O4oxo4w4ZGV0YW3soj24MSosonNvcnRhYpx3oj24MSosonN3YXJj6CoIojE4LCJkbgdubG9hZCoIojE4LCJpcp9IZWa4O4owo4w46G3kZGVuoj24MCosond1ZHR2oj24NTA4LCJhbG3nb4oIopN3bnR3c4osonNvcnRs6XN0oj24NyosopF0dHJ1YnV0ZSoIeyJ2eXB3cpx1bps4Ons4YWN06XZ3oj1pYWxzZSw4bG3u6yoIo4osonRhcpd3dCoIo4osoph0bWw4O4o4fSw46WlhZiU4Ons4YWN06XZ3oj1pYWxzZSw4cGF06CoIo4osonN1epVfeCoIo4osonN1epVfeSoIo4osoph0bWw4O4o4fX0sonRmcGU4O4J0ZXh0onldLCJpbgJtcyoIWgs4Zp33bGQ4O4JtZWmlXi3ko4w4YWx1YXM4O4J0Y39tZWmlo4w4bGF4ZWw4O4JNZWmloE3ko4w4cpVxdW3yZWQ4O4owo4w4dp33dyoIojE4LCJ0eXB3oj24dGVadCosopFkZCoIojE4LCJ3ZG30oj24MSosonN3YXJj6CoIojE4LCJz6X13oj24cgBhbjEyo4w4ci9ydGx1cgQ4OjAsopZvcplfZgJvdXA4O4o4LCJvcHR1bia4Ons4bgB0XgRmcGU4O4o4LCJsbi9rdXBfcXV3cnk4O4o4LCJsbi9rdXBfdGF4bGU4O4o4LCJsbi9rdXBf6iVmoj24o4w4bG9v6gVwXgZhbHV3oj24o4w46XNfZGVwZWmkZWmjeSoIo4osopxvbitlcF9kZXB3bpR3bpNmXit3eSoIo4osonBhdGhfdG9fdXBsbiFkoj24o4w4dXBsbiFkXgRmcGU4O4o4LCJ0bi9sdG3woj24o4w4YXR0cp34dXR3oj24o4w4ZXh0ZWmkXiNsYXNzoj24onl9LHs4Zp33bGQ4O4JwYXJ3bnRf6WQ4LCJhbG3hcyoIonR4Xil3bnU4LCJsYWJ3bCoIo3BhcpVudCBJZCosonJ3cXV1cpVkoj24MCosonZ1ZXc4O4oxo4w4dH3wZSoIonR3eHQ4LCJhZGQ4O4oxo4w4ZWR1dCoIojE4LCJzZWFyYi54O4oxo4w4ci3IZSoIonNwYWaxM4osonNvcnRs6XN0oj2xLCJpbgJtXidybgVwoj24o4w4bgB06W9uoj17op9wdF90eXB3oj24o4w4bG9v6gVwXgFlZXJmoj24o4w4bG9v6gVwXgRhYpx3oj24o4w4bG9v6gVwXit3eSoIo4osopxvbitlcF9iYWxlZSoIo4osop3zXiR3cGVuZGVuYgk4O4o4LCJsbi9rdXBfZGVwZWmkZWmjeV9rZXk4O4o4LCJwYXR2XgRvXgVwbG9hZCoIo4osonVwbG9hZF90eXB3oj24o4w4dG9vbHR1cCoIo4osopF0dHJ1YnV0ZSoIo4osopVadGVuZF9jbGFzcyoIo4J9fSx7opZ1ZWxkoj24bW9kdWx3o4w4YWx1YXM4O4J0Y39tZWmlo4w4bGF4ZWw4O4JNbiRlbGU4LCJyZXFl6XJ3ZCoIojA4LCJi6WVgoj24MSosonRmcGU4O4J0ZXh0o4w4YWRkoj24MSosopVk6XQ4O4oxo4w4ciVhcpN2oj24MSosonN1epU4O4JzcGFuMTo4LCJzbgJ0bG3zdCoIM4w4Zp9ybV9ncp9lcCoIo4osop9wdG3vb4oIeyJvcHRfdH3wZSoIo4osopxvbitlcF9xdWVyeSoIo4osopxvbitlcF90YWJsZSoIo4osopxvbitlcF9rZXk4O4o4LCJsbi9rdXBfdpFsdWU4O4o4LCJ1cl9kZXB3bpR3bpNmoj24o4w4bG9v6gVwXiR3cGVuZGVuYg3f6iVmoj24o4w4cGF06F90bl9lcGxvYWQ4O4o4LCJlcGxvYWRfdH3wZSoIo4osonRvbix06XA4O4o4LCJhdHRy6WJldGU4O4o4LCJ3eHR3bpRfYixhcgM4O4o4fX0seyJp6WVsZCoIonVybCosopFs6WFzoj24dGJfbWVudSosopxhYpVsoj24VXJso4w4cpVxdW3yZWQ4O4owo4w4dp33dyoIojE4LCJ0eXB3oj24dGVadCosopFkZCoIojE4LCJ3ZG30oj24MSosonN3YXJj6CoIojE4LCJz6X13oj24cgBhbjEyo4w4ci9ydGx1cgQ4OjMsopZvcplfZgJvdXA4O4o4LCJvcHR1bia4Ons4bgB0XgRmcGU4O4o4LCJsbi9rdXBfcXV3cnk4O4o4LCJsbi9rdXBfdGF4bGU4O4o4LCJsbi9rdXBf6iVmoj24o4w4bG9v6gVwXgZhbHV3oj24o4w46XNfZGVwZWmkZWmjeSoIo4osopxvbitlcF9kZXB3bpR3bpNmXit3eSoIo4osonBhdGhfdG9fdXBsbiFkoj24o4w4dXBsbiFkXgRmcGU4O4o4LCJ0bi9sdG3woj24o4w4YXR0cp34dXR3oj24o4w4ZXh0ZWmkXiNsYXNzoj24onl9LHs4Zp33bGQ4O4JtZWmlXimhbWU4LCJhbG3hcyoIonR4Xil3bnU4LCJsYWJ3bCoIokl3bnU5TpFtZSosonJ3cXV1cpVkoj24MCosonZ1ZXc4O4oxo4w4dH3wZSoIonR3eHQ4LCJhZGQ4O4oxo4w4ZWR1dCoIojE4LCJzZWFyYi54O4oxo4w4ci3IZSoIonNwYWaxM4osonNvcnRs6XN0oj20LCJpbgJtXidybgVwoj24o4w4bgB06W9uoj17op9wdF90eXB3oj24o4w4bG9v6gVwXgFlZXJmoj24o4w4bG9v6gVwXgRhYpx3oj24o4w4bG9v6gVwXit3eSoIo4osopxvbitlcF9iYWxlZSoIo4osop3zXiR3cGVuZGVuYgk4O4o4LCJsbi9rdXBfZGVwZWmkZWmjeV9rZXk4O4o4LCJwYXR2XgRvXgVwbG9hZCoIo4osonVwbG9hZF90eXB3oj24o4w4dG9vbHR1cCoIo4osopF0dHJ1YnV0ZSoIo4osopVadGVuZF9jbGFzcyoIo4J9fSx7opZ1ZWxkoj24bWVudV90eXB3o4w4YWx1YXM4O4J0Y39tZWmlo4w4bGF4ZWw4O4JNZWmloFRmcGU4LCJyZXFl6XJ3ZCoIojA4LCJi6WVgoj24MSosonRmcGU4O4J0ZXh0o4w4YWRkoj24MSosopVk6XQ4O4oxo4w4ciVhcpN2oj24MSosonN1epU4O4JzcGFuMTo4LCJzbgJ0bG3zdCoINSw4Zp9ybV9ncp9lcCoIo4osop9wdG3vb4oIeyJvcHRfdH3wZSoIo4osopxvbitlcF9xdWVyeSoIo4osopxvbitlcF90YWJsZSoIo4osopxvbitlcF9rZXk4O4o4LCJsbi9rdXBfdpFsdWU4O4o4LCJ1cl9kZXB3bpR3bpNmoj24o4w4bG9v6gVwXiR3cGVuZGVuYg3f6iVmoj24o4w4cGF06F90bl9lcGxvYWQ4O4o4LCJlcGxvYWRfdH3wZSoIo4osonRvbix06XA4O4o4LCJhdHRy6WJldGU4O4o4LCJ3eHR3bpRfYixhcgM4O4o4fX0seyJp6WVsZCoIonJvbGVf6WQ4LCJhbG3hcyoIonR4Xil3bnU4LCJsYWJ3bCoIo3JvbGU5SWQ4LCJyZXFl6XJ3ZCoIojA4LCJi6WVgoj24MSosonRmcGU4O4J0ZXh0o4w4YWRkoj24MSosopVk6XQ4O4oxo4w4ciVhcpN2oj24MSosonN1epU4O4JzcGFuMTo4LCJzbgJ0bG3zdCoIN4w4Zp9ybV9ncp9lcCoIo4osop9wdG3vb4oIeyJvcHRfdH3wZSoIo4osopxvbitlcF9xdWVyeSoIo4osopxvbitlcF90YWJsZSoIo4osopxvbitlcF9rZXk4O4o4LCJsbi9rdXBfdpFsdWU4O4o4LCJ1cl9kZXB3bpR3bpNmoj24o4w4bG9v6gVwXiR3cGVuZGVuYg3f6iVmoj24o4w4cGF06F90bl9lcGxvYWQ4O4o4LCJlcGxvYWRfdH3wZSoIo4osonRvbix06XA4O4o4LCJhdHRy6WJldGU4O4o4LCJ3eHR3bpRfYixhcgM4O4o4fX0seyJp6WVsZCoIopR3ZXA4LCJhbG3hcyoIonR4Xil3bnU4LCJsYWJ3bCoIokR3ZXA4LCJyZXFl6XJ3ZCoIojA4LCJi6WVgoj24MSosonRmcGU4O4J0ZXh0o4w4YWRkoj24MSosopVk6XQ4O4oxo4w4ciVhcpN2oj24MSosonN1epU4O4JzcGFuMTo4LCJzbgJ0bG3zdCoINyw4Zp9ybV9ncp9lcCoIo4osop9wdG3vb4oIeyJvcHRfdH3wZSoIo4osopxvbitlcF9xdWVyeSoIo4osopxvbitlcF90YWJsZSoIo4osopxvbitlcF9rZXk4O4o4LCJsbi9rdXBfdpFsdWU4O4o4LCJ1cl9kZXB3bpR3bpNmoj24o4w4bG9v6gVwXiR3cGVuZGVuYg3f6iVmoj24o4w4cGF06F90bl9lcGxvYWQ4O4o4LCJlcGxvYWRfdH3wZSoIo4osonRvbix06XA4O4o4LCJhdHRy6WJldGU4O4o4LCJ3eHR3bpRfYixhcgM4O4o4fX0seyJp6WVsZCoIop9yZGVy6Wmno4w4YWx1YXM4O4J0Y39tZWmlo4w4bGF4ZWw4O4JPcpR3cp3uZyosonJ3cXV1cpVkoj24MCosonZ1ZXc4O4oxo4w4dH3wZSoIonR3eHQ4LCJhZGQ4O4oxo4w4ZWR1dCoIojE4LCJzZWFyYi54O4oxo4w4ci3IZSoIonNwYWaxM4osonNvcnRs6XN0oj2aLCJpbgJtXidybgVwoj24o4w4bgB06W9uoj17op9wdF90eXB3oj24o4w4bG9v6gVwXgFlZXJmoj24o4w4bG9v6gVwXgRhYpx3oj24o4w4bG9v6gVwXit3eSoIo4osopxvbitlcF9iYWxlZSoIo4osop3zXiR3cGVuZGVuYgk4O4o4LCJsbi9rdXBfZGVwZWmkZWmjeV9rZXk4O4o4LCJwYXR2XgRvXgVwbG9hZCoIo4osonVwbG9hZF90eXB3oj24o4w4dG9vbHR1cCoIo4osopF0dHJ1YnV0ZSoIo4osopVadGVuZF9jbGFzcyoIo4J9fSx7opZ1ZWxkoj24cG9z6XR1bia4LCJhbG3hcyoIonR4Xil3bnU4LCJsYWJ3bCoIo3Bvci306W9uo4w4cpVxdW3yZWQ4O4owo4w4dp33dyoIojE4LCJ0eXB3oj24dGVadCosopFkZCoIojE4LCJ3ZG30oj24MSosonN3YXJj6CoIojE4LCJz6X13oj24cgBhbjEyo4w4ci9ydGx1cgQ4OjksopZvcplfZgJvdXA4O4o4LCJvcHR1bia4Ons4bgB0XgRmcGU4O4o4LCJsbi9rdXBfcXV3cnk4O4o4LCJsbi9rdXBfdGF4bGU4O4o4LCJsbi9rdXBf6iVmoj24o4w4bG9v6gVwXgZhbHV3oj24o4w46XNfZGVwZWmkZWmjeSoIo4osopxvbitlcF9kZXB3bpR3bpNmXit3eSoIo4osonBhdGhfdG9fdXBsbiFkoj24o4w4dXBsbiFkXgRmcGU4O4o4LCJ0bi9sdG3woj24o4w4YXR0cp34dXR3oj24o4w4ZXh0ZWmkXiNsYXNzoj24onl9LHs4Zp33bGQ4O4JtZWmlXi3jbimzo4w4YWx1YXM4O4J0Y39tZWmlo4w4bGF4ZWw4O4JNZWmloE3jbimzo4w4cpVxdW3yZWQ4O4owo4w4dp33dyoIojE4LCJ0eXB3oj24dGVadCosopFkZCoIojE4LCJ3ZG30oj24MSosonN3YXJj6CoIojE4LCJz6X13oj24cgBhbjEyo4w4ci9ydGx1cgQ4OjEwLCJpbgJtXidybgVwoj24o4w4bgB06W9uoj17op9wdF90eXB3oj24o4w4bG9v6gVwXgFlZXJmoj24o4w4bG9v6gVwXgRhYpx3oj24o4w4bG9v6gVwXit3eSoIo4osopxvbitlcF9iYWxlZSoIo4osop3zXiR3cGVuZGVuYgk4O4o4LCJsbi9rdXBfZGVwZWmkZWmjeV9rZXk4O4o4LCJwYXR2XgRvXgVwbG9hZCoIo4osonVwbG9hZF90eXB3oj24o4w4dG9vbHR1cCoIo4osopF0dHJ1YnV0ZSoIo4osopVadGVuZF9jbGFzcyoIo4J9fSx7opZ1ZWxkoj24YWN06XZ3o4w4YWx1YXM4O4J0Y39tZWmlo4w4bGF4ZWw4O4JBYgR1dpU4LCJyZXFl6XJ3ZCoIojA4LCJi6WVgoj24MSosonRmcGU4O4J0ZXh0o4w4YWRkoj24MSosopVk6XQ4O4oxo4w4ciVhcpN2oj24MSosonN1epU4O4JzcGFuMTo4LCJzbgJ0bG3zdCoIMTEsopZvcplfZgJvdXA4O4o4LCJvcHR1bia4Ons4bgB0XgRmcGU4O4o4LCJsbi9rdXBfcXV3cnk4O4o4LCJsbi9rdXBfdGF4bGU4O4o4LCJsbi9rdXBf6iVmoj24o4w4bG9v6gVwXgZhbHV3oj24o4w46XNfZGVwZWmkZWmjeSoIo4osopxvbitlcF9kZXB3bpR3bpNmXit3eSoIo4osonBhdGhfdG9fdXBsbiFkoj24o4w4dXBsbiFkXgRmcGU4O4o4LCJ0bi9sdG3woj24o4w4YXR0cp34dXR3oj24o4w4ZXh0ZWmkXiNsYXNzoj24onl9XX0=', NULL);
INSERT INTO `tb_module` VALUES(8, 'pages', 'Pages CMS Management', 'View all static pages', 'Mango Tm', '2014-03-25 22:33:41', NULL, 'tb_pages', 'pageID', 'core', 'eyJ0YWJsZV9kY4oIonR4XgBhZiVzo4w4cHJ1bWFyeV9rZXk4O4JwYWd3SUQ4LCJzcWxfciVsZWN0oj24oFNFTEVDVCB0Y39wYWd3cyaqoEZST005dGJfcGFnZXM5o4w4cgFsXgd2ZXJ3oj24oFdoRVJFoHR4XgBhZiVzLnBhZiVJRCBJUyBOTlQ5T3VMTCosonNxbF9ncp9lcCoIo4osopdy6WQ4O3t7opZ1ZWxkoj24cGFnZU3Eo4w4YWx1YXM4O4J0Y39wYWd3cyosopxhbpdlYWd3oj17op3uoj24on0sopxhYpVsoj24UGFnZU3Eo4w4dp33dyoIMCw4ZGV0YW3soj2wLCJzbgJ0YWJsZSoIMCw4ciVhcpN2oj2xLCJkbgdubG9hZCoIMCw4ZnJvepVuoj2xLCJg6WR06CoIojEwMCosopFs6Wduoj24bGVpdCosonNvcnRs6XN0oj24MSosopNvbpa4Ons4dpFs6WQ4O4o4LCJkY4oIo4osopt3eSoIo4osopR1cgBsYXk4O4o4fSw4YXR0cp34dXR3oj17ophmcGVybG3u6yoIeyJhYgR1dpU4OjEsopx1bps4O4o4LCJ0YXJnZXQ4O4o4LCJ2dGlsoj24on0sop3tYWd3oj17opFjdG3iZSoIMCw4cGF06CoIo4osonN1epVfeCoIo4osonN1epVfeSoIo4osoph0bWw4O4o4fX0sonRmcGU4O4J0ZXh0on0seyJp6WVsZCoIonR1dGx3o4w4YWx1YXM4O4J0Y39wYWd3cyosopxhbpdlYWd3oj17op3uoj24on0sopxhYpVsoj24VG30bGU4LCJi6WVgoj2xLCJkZXRh6Ww4OjEsonNvcnRhYpx3oj2xLCJzZWFyYi54OjEsopRvdimsbiFkoj2xLCJpcp9IZWa4OjEsond1ZHR2oj24MTAwo4w4YWx1Zia4O4JsZWZ0o4w4ci9ydGx1cgQ4O4oyo4w4Yi9ub4oIeyJiYWx1ZCoIo4osopR4oj24o4w46iVmoj24o4w4ZG3zcGxheSoIo4J9LCJhdHRy6WJldGU4Ons46H3wZXJs6Wmroj17opFjdG3iZSoIMSw4bG3u6yoIo4osonRhcpd3dCoIo4osoph0bWw4O4o4fSw46WlhZiU4Ons4YWN06XZ3oj2wLCJwYXR2oj24o4w4ci3IZV9aoj24o4w4ci3IZV9moj24o4w46HRtbCoIo4J9fSw4dH3wZSoIonR3eHQ4fSx7opZ1ZWxkoj24bp90ZSosopFs6WFzoj24dGJfcGFnZXM4LCJsYWmndWFnZSoIeyJ1b4oIo4J9LCJsYWJ3bCoIokmvdGU4LCJi6WVgoj2wLCJkZXRh6Ww4OjAsonNvcnRhYpx3oj2wLCJzZWFyYi54OjEsopRvdimsbiFkoj2wLCJpcp9IZWa4OjEsond1ZHR2oj24MTAwo4w4YWx1Zia4O4JsZWZ0o4w4ci9ydGx1cgQ4O4ozo4w4Yi9ub4oIeyJiYWx1ZCoIo4osopR4oj24o4w46iVmoj24o4w4ZG3zcGxheSoIo4J9LCJhdHRy6WJldGU4Ons46H3wZXJs6Wmroj17opFjdG3iZSoIMSw4bG3u6yoIo4osonRhcpd3dCoIo4osoph0bWw4O4o4fSw46WlhZiU4Ons4YWN06XZ3oj2wLCJwYXR2oj24o4w4ci3IZV9aoj24o4w4ci3IZV9moj24o4w46HRtbCoIo4J9fSw4dH3wZSoIonR3eHQ4fSx7opZ1ZWxkoj24YWx1YXM4LCJhbG3hcyoIonR4XgBhZiVzo4w4bGFuZgVhZiU4Ons46Wa4O4o4fSw4bGF4ZWw4O4JTbHVno4w4dp33dyoIMSw4ZGV0YW3soj2xLCJzbgJ0YWJsZSoIMSw4ciVhcpN2oj2xLCJkbgdubG9hZCoIMSw4ZnJvepVuoj2xLCJg6WR06CoIojEwMCosopFs6Wduoj24bGVpdCosonNvcnRs6XN0oj24NCosopNvbpa4Ons4dpFs6WQ4O4o4LCJkY4oIo4osopt3eSoIo4osopR1cgBsYXk4O4o4fSw4YXR0cp34dXR3oj17ophmcGVybG3u6yoIeyJhYgR1dpU4OjEsopx1bps4O4o4LCJ0YXJnZXQ4O4o4LCJ2dGlsoj24on0sop3tYWd3oj17opFjdG3iZSoIMCw4cGF06CoIo4osonN1epVfeCoIo4osonN1epVfeSoIo4osoph0bWw4O4o4fX0sonRmcGU4O4J0ZXh0on0seyJp6WVsZCoIopNyZWF0ZWQ4LCJhbG3hcyoIonR4XgBhZiVzo4w4bGFuZgVhZiU4Ons46Wa4O4o4fSw4bGF4ZWw4O4JDcpVhdGVko4w4dp33dyoIMCw4ZGV0YW3soj2wLCJzbgJ0YWJsZSoIMCw4ciVhcpN2oj2xLCJkbgdubG9hZCoIMCw4ZnJvepVuoj2xLCJg6WR06CoIojEwMCosopFs6Wduoj24bGVpdCosonNvcnRs6XN0oj24OCosopNvbpa4Ons4dpFs6WQ4O4o4LCJkY4oIo4osopt3eSoIo4osopR1cgBsYXk4O4o4fSw4YXR0cp34dXR3oj17ophmcGVybG3u6yoIeyJhYgR1dpU4OjEsopx1bps4O4o4LCJ0YXJnZXQ4O4o4LCJ2dGlsoj24on0sop3tYWd3oj17opFjdG3iZSoIMCw4cGF06CoIo4osonN1epVfeCoIo4osonN1epVfeSoIo4osoph0bWw4O4o4fX0sonRmcGU4O4J0ZXh0on0seyJp6WVsZCoIonVwZGF0ZWQ4LCJhbG3hcyoIonR4XgBhZiVzo4w4bGFuZgVhZiU4Ons46Wa4O4o4fSw4bGF4ZWw4O4JVcGRhdGVko4w4dp33dyoIMCw4ZGV0YW3soj2wLCJzbgJ0YWJsZSoIMCw4ciVhcpN2oj2xLCJkbgdubG9hZCoIMCw4ZnJvepVuoj2xLCJg6WR06CoIojEwMCosopFs6Wduoj24bGVpdCosonNvcnRs6XN0oj24OSosopNvbpa4Ons4dpFs6WQ4O4o4LCJkY4oIo4osopt3eSoIo4osopR1cgBsYXk4O4o4fSw4YXR0cp34dXR3oj17ophmcGVybG3u6yoIeyJhYgR1dpU4OjEsopx1bps4O4o4LCJ0YXJnZXQ4O4o4LCJ2dGlsoj24on0sop3tYWd3oj17opFjdG3iZSoIMCw4cGF06CoIo4osonN1epVfeCoIo4osonN1epVfeSoIo4osoph0bWw4O4o4fX0sonRmcGU4O4J0ZXh0on0seyJp6WVsZCoIopZ1bGVuYWl3o4w4YWx1YXM4O4J0Y39wYWd3cyosopxhbpdlYWd3oj17op3uoj24on0sopxhYpVsoj24Rp3sZWmhbWU4LCJi6WVgoj2wLCJkZXRh6Ww4OjEsonNvcnRhYpx3oj2xLCJzZWFyYi54OjEsopRvdimsbiFkoj2xLCJpcp9IZWa4OjEsond1ZHR2oj24MTAwo4w4YWx1Zia4O4JsZWZ0o4w4ci9ydGx1cgQ4O4olo4w4Yi9ub4oIeyJiYWx1ZCoIo4osopR4oj24o4w46iVmoj24o4w4ZG3zcGxheSoIo4J9LCJhdHRy6WJldGU4Ons46H3wZXJs6Wmroj17opFjdG3iZSoIMSw4bG3u6yoIo4osonRhcpd3dCoIo4osoph0bWw4O4o4fSw46WlhZiU4Ons4YWN06XZ3oj2wLCJwYXR2oj24o4w4ci3IZV9aoj24o4w4ci3IZV9moj24o4w46HRtbCoIo4J9fSw4dH3wZSoIonR3eHQ4fSx7opZ1ZWxkoj24cgRhdHVzo4w4YWx1YXM4O4J0Y39wYWd3cyosopxhbpdlYWd3oj17op3uoj24on0sopxhYpVsoj24UgRhdHVzo4w4dp33dyoIMSw4ZGV0YW3soj2xLCJzbgJ0YWJsZSoIMSw4ciVhcpN2oj2xLCJkbgdubG9hZCoIMSw4ZnJvepVuoj2xLCJg6WR06CoIojEwMCosopFs6Wduoj24bGVpdCosonNvcnRs6XN0oj24N4osopNvbpa4Ons4dpFs6WQ4O4o4LCJkY4oIo4osopt3eSoIo4osopR1cgBsYXk4O4o4fSw4YXR0cp34dXR3oj17ophmcGVybG3u6yoIeyJhYgR1dpU4OjEsopx1bps4O4o4LCJ0YXJnZXQ4O4o4LCJ2dGlsoj24on0sop3tYWd3oj17opFjdG3iZSoIMCw4cGF06CoIo4osonN1epVfeCoIo4osonN1epVfeSoIo4osoph0bWw4O4o4fX0sonRmcGU4O4J0ZXh0on0seyJp6WVsZCoIopFjYiVzcyosopFs6WFzoj24dGJfcGFnZXM4LCJsYWmndWFnZSoIeyJ1b4oIo4J9LCJsYWJ3bCoIokFjYiVzcyosonZ1ZXc4OjAsopR3dGF1bCoIMCw4ci9ydGF4bGU4OjAsonN3YXJj6CoIMSw4ZG9gbpxvYWQ4OjAsopZybg13b4oIMSw4di3kdG54O4oxMDA4LCJhbG3nb4oIopx3ZnQ4LCJzbgJ0bG3zdCoIojc4LCJjbimuoj17onZhbG3koj24o4w4ZGo4O4o4LCJrZXk4O4o4LCJk6XNwbGFmoj24on0sopF0dHJ1YnV0ZSoIeyJ2eXB3cpx1bps4Ons4YWN06XZ3oj2xLCJs6Wmroj24o4w4dGFyZiV0oj24o4w46HRtbCoIo4J9LCJ1bWFnZSoIeyJhYgR1dpU4OjAsonBhdG54O4o4LCJz6X13Xg54O4o4LCJz6X13Xgk4O4o4LCJ2dGlsoj24onl9LCJ0eXB3oj24dGVadCJ9LHs4Zp33bGQ4O4JhbGxvdl9ndWVzdCosopFs6WFzoj24dGJfcGFnZXM4LCJsYWmndWFnZSoIeyJ1b4oIo4J9LCJsYWJ3bCoIokFsbG9goEdlZXN0o4w4dp33dyoIMCw4ZGV0YW3soj2xLCJzbgJ0YWJsZSoIMSw4ciVhcpN2oj2xLCJkbgdubG9hZCoIMSw4ZnJvepVuoj2xLCJg6WR06CoIojEwMCosopFs6Wduoj24bGVpdCosonNvcnRs6XN0oj24OSosopNvbpa4Ons4dpFs6WQ4O4owo4w4ZGo4O4o4LCJrZXk4O4o4LCJk6XNwbGFmoj24on0sopF0dHJ1YnV0ZSoIeyJ2eXB3cpx1bps4Ons4YWN06XZ3oj2xLCJs6Wmroj24o4w4dGFyZiV0oj24o4w46HRtbCoIo4J9LCJ1bWFnZSoIeyJhYgR1dpU4OjAsonBhdG54O4o4LCJz6X13Xg54O4o4LCJz6X13Xgk4O4o4LCJ2dGlsoj24onl9LCJ0eXB3oj24dGVadCJ9LHs4Zp33bGQ4O4J0ZWlwbGF0ZSosopFs6WFzoj24dGJfcGFnZXM4LCJsYWmndWFnZSoIeyJ1b4oIo4J9LCJsYWJ3bCoIo3R3bXBsYXR3o4w4dp33dyoIMSw4ZGV0YW3soj2xLCJzbgJ0YWJsZSoIMSw4ciVhcpN2oj2xLCJkbgdubG9hZCoIMSw4ZnJvepVuoj2xLCJg6WR06CoIojEwMCosopFs6Wduoj24bGVpdCosonNvcnRs6XN0oj24MTA4LCJjbimuoj17onZhbG3koj24MCosopR4oj24o4w46iVmoj24o4w4ZG3zcGxheSoIo4J9LCJhdHRy6WJldGU4Ons46H3wZXJs6Wmroj17opFjdG3iZSoIMSw4bG3u6yoIo4osonRhcpd3dCoIo4osoph0bWw4O4o4fSw46WlhZiU4Ons4YWN06XZ3oj2wLCJwYXR2oj24o4w4ci3IZV9aoj24o4w4ci3IZV9moj24o4w46HRtbCoIo4J9fSw4dH3wZSoIonR3eHQ4fV0sopZvcplzoj1beyJp6WVsZCoIonBhZiVJRCosopFs6WFzoj24dGJfcGFnZXM4LCJsYWJ3bCoIo3BhZiVJRCosopZvcplfZgJvdXA4O4o4LCJyZXFl6XJ3ZCoIojA4LCJi6WVgoj2xLCJ0eXB3oj246G3kZGVuo4w4YWRkoj2xLCJz6X13oj24MCosopVk6XQ4OjEsonN3YXJj6CoIojE4LCJzbgJ0bG3zdCoIojE4LCJvcHR1bia4Ons4bgB0XgRmcGU4O4o4LCJsbi9rdXBfcXV3cnk4O4o4LCJsbi9rdXBfdGF4bGU4O4o4LCJsbi9rdXBf6iVmoj24o4w4bG9v6gVwXgZhbHV3oj24o4w46XNfZGVwZWmkZWmjeSoIo4osopxvbitlcF9kZXB3bpR3bpNmXit3eSoIo4osonBhdGhfdG9fdXBsbiFkoj24o4w4cpVz6X13Xgd1ZHR2oj24o4w4cpVz6X13Xih36Wd2dCoIo4osonVwbG9hZF90eXB3oj24o4w4dG9vbHR1cCoIo4osopF0dHJ1YnV0ZSoIo4osopVadGVuZF9jbGFzcyoIo4J9fSx7opZ1ZWxkoj24dG30bGU4LCJhbG3hcyoIonR4XgBhZiVzo4w4bGF4ZWw4O4JU6XRsZSosopZvcplfZgJvdXA4O4o4LCJyZXFl6XJ3ZCoIonJ3cXV1cpVko4w4dp33dyoIMSw4dH3wZSoIonR3eHQ4LCJhZGQ4OjEsonN1epU4O4owo4w4ZWR1dCoIMSw4ciVhcpN2oj24MSosonNvcnRs6XN0oj24M4osop9wdG3vb4oIeyJvcHRfdH3wZSoIo4osopxvbitlcF9xdWVyeSoIo4osopxvbitlcF90YWJsZSoIo4osopxvbitlcF9rZXk4O4o4LCJsbi9rdXBfdpFsdWU4O4o4LCJ1cl9kZXB3bpR3bpNmoj24o4w4bG9v6gVwXiR3cGVuZGVuYg3f6iVmoj24o4w4cGF06F90bl9lcGxvYWQ4O4o4LCJyZXN1epVfdi3kdG54O4o4LCJyZXN1epVf6GV1Zih0oj24o4w4dXBsbiFkXgRmcGU4O4o4LCJ0bi9sdG3woj24o4w4YXR0cp34dXR3oj24o4w4ZXh0ZWmkXiNsYXNzoj24onl9LHs4Zp33bGQ4O4JubgR3o4w4YWx1YXM4O4J0Y39wYWd3cyosopxhYpVsoj24Tp90ZSosopZvcplfZgJvdXA4O4o4LCJyZXFl6XJ3ZCoIojA4LCJi6WVgoj2wLCJ0eXB3oj24dGVadCosopFkZCoIMSw4ci3IZSoIojA4LCJ3ZG30oj2xLCJzZWFyYi54OjAsonNvcnRs6XN0oj24OSosop9wdG3vb4oIeyJvcHRfdH3wZSoIo4osopxvbitlcF9xdWVyeSoIo4osopxvbitlcF90YWJsZSoIo4osopxvbitlcF9rZXk4O4o4LCJsbi9rdXBfdpFsdWU4O4o4LCJ1cl9kZXB3bpR3bpNmoj24o4w4bG9v6gVwXiR3cGVuZGVuYg3f6iVmoj24o4w4cGF06F90bl9lcGxvYWQ4O4o4LCJyZXN1epVfdi3kdG54O4o4LCJyZXN1epVf6GV1Zih0oj24o4w4dXBsbiFkXgRmcGU4O4o4LCJ0bi9sdG3woj24o4w4YXR0cp34dXR3oj24o4w4ZXh0ZWmkXiNsYXNzoj24onl9LHs4Zp33bGQ4O4JhbG3hcyosopFs6WFzoj24dGJfcGFnZXM4LCJsYWJ3bCoIokFs6WFzo4w4Zp9ybV9ncp9lcCoIo4osonJ3cXV1cpVkoj24YWxwYSosonZ1ZXc4OjEsonRmcGU4O4J0ZXh0o4w4YWRkoj2xLCJz6X13oj24MCosopVk6XQ4OjEsonN3YXJj6CoIojE4LCJzbgJ0bG3zdCoIojM4LCJvcHR1bia4Ons4bgB0XgRmcGU4O4o4LCJsbi9rdXBfcXV3cnk4O4o4LCJsbi9rdXBfdGF4bGU4O4o4LCJsbi9rdXBf6iVmoj24o4w4bG9v6gVwXgZhbHV3oj24o4w46XNfZGVwZWmkZWmjeSoIo4osopxvbitlcF9kZXB3bpR3bpNmXit3eSoIo4osonBhdGhfdG9fdXBsbiFkoj24o4w4cpVz6X13Xgd1ZHR2oj24o4w4cpVz6X13Xih36Wd2dCoIo4osonVwbG9hZF90eXB3oj24o4w4dG9vbHR1cCoIo4osopF0dHJ1YnV0ZSoIo4osopVadGVuZF9jbGFzcyoIo4J9fSx7opZ1ZWxkoj24YgJ3YXR3ZCosopFs6WFzoj24dGJfcGFnZXM4LCJsYWJ3bCoIokNyZWF0ZWQ4LCJpbgJtXidybgVwoj24o4w4cpVxdW3yZWQ4O4owo4w4dp33dyoIMSw4dH3wZSoIoph1ZGR3b4osopFkZCoIMSw4ZWR1dCoIMSw4ciVhcpN2oj24MSosonN1epU4O4o4LCJzbgJ0bG3zdCoIojc4LCJvcHR1bia4Ons4bgB0XgRmcGU4OpmlbGwsopxvbitlcF9xdWVyeSoIo4osopxvbitlcF90YWJsZSoIbnVsbCw4bG9v6gVwXit3eSoIbnVsbCw4bG9v6gVwXgZhbHV3oj1udWxsLCJ1cl9kZXB3bpR3bpNmoj1udWxsLCJ1cl9tdWx06XBsZSoIbnVsbCw4bG9v6gVwXiR3cGVuZGVuYg3f6iVmoj1udWxsLCJwYXR2XgRvXgVwbG9hZCoIo4osonVwbG9hZF90eXB3oj1udWxsLCJyZXN1epVfdi3kdG54O4o4LCJyZXN1epVf6GV1Zih0oj24o4w4dG9vbHR1cCoIo4osopF0dHJ1YnV0ZSoIo4osopVadGVuZF9jbGFzcyoIo4J9fSx7opZ1ZWxkoj24dXBkYXR3ZCosopFs6WFzoj24dGJfcGFnZXM4LCJsYWJ3bCoIo3VwZGF0ZWQ4LCJpbgJtXidybgVwoj24o4w4cpVxdW3yZWQ4O4owo4w4dp33dyoIMSw4dH3wZSoIoph1ZGR3b4osopFkZCoIMSw4ZWR1dCoIMSw4ciVhcpN2oj24MSosonN1epU4O4o4LCJzbgJ0bG3zdCoIoj54LCJvcHR1bia4Ons4bgB0XgRmcGU4OpmlbGwsopxvbitlcF9xdWVyeSoIo4osopxvbitlcF90YWJsZSoIbnVsbCw4bG9v6gVwXit3eSoIbnVsbCw4bG9v6gVwXgZhbHV3oj1udWxsLCJ1cl9kZXB3bpR3bpNmoj1udWxsLCJ1cl9tdWx06XBsZSoIbnVsbCw4bG9v6gVwXiR3cGVuZGVuYg3f6iVmoj1udWxsLCJwYXR2XgRvXgVwbG9hZCoIo4osonVwbG9hZF90eXB3oj1udWxsLCJyZXN1epVfdi3kdG54O4o4LCJyZXN1epVf6GV1Zih0oj24o4w4dG9vbHR1cCoIo4osopF0dHJ1YnV0ZSoIo4osopVadGVuZF9jbGFzcyoIo4J9fSx7opZ1ZWxkoj24Zp3sZWmhbWU4LCJhbG3hcyoIonR4XgBhZiVzo4w4bGF4ZWw4O4JG6Wx3bpFtZSosopZvcplfZgJvdXA4O4o4LCJyZXFl6XJ3ZCoIopFscGE4LCJi6WVgoj2xLCJ0eXB3oj24dGVadCosopFkZCoIMSw4ci3IZSoIojA4LCJ3ZG30oj2xLCJzZWFyYi54O4oxo4w4ci9ydGx1cgQ4O4o0o4w4bgB06W9uoj17op9wdF90eXB3oj24o4w4bG9v6gVwXgFlZXJmoj24o4w4bG9v6gVwXgRhYpx3oj24o4w4bG9v6gVwXit3eSoIo4osopxvbitlcF9iYWxlZSoIo4osop3zXiR3cGVuZGVuYgk4O4o4LCJsbi9rdXBfZGVwZWmkZWmjeV9rZXk4O4o4LCJwYXR2XgRvXgVwbG9hZCoIo4osonJ3ci3IZV9g6WR06CoIo4osonJ3ci3IZV92ZW3n6HQ4O4o4LCJlcGxvYWRfdH3wZSoIo4osonRvbix06XA4O4o4LCJhdHRy6WJldGU4O4o4LCJ3eHR3bpRfYixhcgM4O4o4fX0seyJp6WVsZCoIonN0YXRlcyosopFs6WFzoj24dGJfcGFnZXM4LCJsYWJ3bCoIo3N0YXRlcyosopZvcplfZgJvdXA4O4o4LCJyZXFl6XJ3ZCoIonJ3cXV1cpVko4w4dp33dyoIMSw4dH3wZSoIonR3eHQ4LCJhZGQ4OjEsonN1epU4O4owo4w4ZWR1dCoIMSw4ciVhcpN2oj24MSosonNvcnRs6XN0oj24NSosop9wdG3vb4oIeyJvcHRfdH3wZSoIo4osopxvbitlcF9xdWVyeSoIo4osopxvbitlcF90YWJsZSoIo4osopxvbitlcF9rZXk4O4o4LCJsbi9rdXBfdpFsdWU4O4o4LCJ1cl9kZXB3bpR3bpNmoj24o4w4bG9v6gVwXiR3cGVuZGVuYg3f6iVmoj24o4w4cGF06F90bl9lcGxvYWQ4O4o4LCJyZXN1epVfdi3kdG54O4o4LCJyZXN1epVf6GV1Zih0oj24o4w4dXBsbiFkXgRmcGU4O4o4LCJ0bi9sdG3woj24o4w4YXR0cp34dXR3oj24o4w4ZXh0ZWmkXiNsYXNzoj24onl9LHs4Zp33bGQ4O4JhYiN3cgM4LCJhbG3hcyoIonR4XgBhZiVzo4w4bGF4ZWw4O4JBYiN3cgM4LCJpbgJtXidybgVwoj24o4w4cpVxdW3yZWQ4O4JyZXFl6XJ3ZCosonZ1ZXc4OjEsonRmcGU4O4J0ZXh0YXJ3YSosopFkZCoIMSw4ci3IZSoIojA4LCJ3ZG30oj2xLCJzZWFyYi54O4oxo4w4ci9ydGx1cgQ4O4oio4w4bgB06W9uoj17op9wdF90eXB3oj24o4w4bG9v6gVwXgFlZXJmoj24o4w4bG9v6gVwXgRhYpx3oj24o4w4bG9v6gVwXit3eSoIo4osopxvbitlcF9iYWxlZSoIo4osop3zXiR3cGVuZGVuYgk4O4o4LCJsbi9rdXBfZGVwZWmkZWmjeV9rZXk4O4o4LCJwYXR2XgRvXgVwbG9hZCoIo4osonJ3ci3IZV9g6WR06CoIo4osonJ3ci3IZV92ZW3n6HQ4O4o4LCJlcGxvYWRfdH3wZSoIo4osonRvbix06XA4O4o4LCJhdHRy6WJldGU4O4o4LCJ3eHR3bpRfYixhcgM4O4o4fX0seyJp6WVsZCoIopFsbG9gXidlZXN0o4w4YWx1YXM4O4J0Y39wYWd3cyosopxhYpVsoj24QWxsbgc5RgV3cgQ4LCJsYWmndWFnZSoIWl0sonJ3cXV1cpVkoj24MCosonZ1ZXc4O4oxo4w4dH3wZSoIonR3eHRhcpVho4w4YWRkoj24MSosopVk6XQ4O4oxo4w4ciVhcpN2oj24MSosonN1epU4O4JzcGFuMTo4LCJzbgJ0bG3zdCoIOSw4Zp9ybV9ncp9lcCoIo4osop9wdG3vb4oIeyJvcHRfdH3wZSoIo4osopxvbitlcF9xdWVyeSoIo4osopxvbitlcF90YWJsZSoIo4osopxvbitlcF9rZXk4O4o4LCJsbi9rdXBfdpFsdWU4O4o4LCJ1cl9kZXB3bpR3bpNmoj24o4w4bG9v6gVwXiR3cGVuZGVuYg3f6iVmoj24o4w4cGF06F90bl9lcGxvYWQ4O4o4LCJlcGxvYWRfdH3wZSoIo4osonRvbix06XA4O4o4LCJhdHRy6WJldGU4O4o4LCJ3eHR3bpRfYixhcgM4O4o4fX0seyJp6WVsZCoIonR3bXBsYXR3o4w4YWx1YXM4O4J0Y39wYWd3cyosopxhYpVsoj24VGVtcGxhdGU4LCJsYWmndWFnZSoIWl0sonJ3cXV1cpVkoj24MCosonZ1ZXc4O4oxo4w4dH3wZSoIonR3eHRhcpVho4w4YWRkoj24MSosopVk6XQ4O4oxo4w4ciVhcpN2oj24MSosonN1epU4O4JzcGFuMTo4LCJzbgJ0bG3zdCoIMTAsopZvcplfZgJvdXA4O4o4LCJvcHR1bia4Ons4bgB0XgRmcGU4O4o4LCJsbi9rdXBfcXV3cnk4O4o4LCJsbi9rdXBfdGF4bGU4O4o4LCJsbi9rdXBf6iVmoj24o4w4bG9v6gVwXgZhbHV3oj24o4w46XNfZGVwZWmkZWmjeSoIo4osopxvbitlcF9kZXB3bpR3bpNmXit3eSoIo4osonBhdGhfdG9fdXBsbiFkoj24o4w4dXBsbiFkXgRmcGU4O4o4LCJ0bi9sdG3woj24o4w4YXR0cp34dXR3oj24o4w4ZXh0ZWmkXiNsYXNzoj24onl9XX0=', '{"title":{"in":"","pt-br":""},"note":{"in":"","pt-br":""}}');
INSERT INTO `tb_module` VALUES(11, 'logs', 'Logs', 'Users Activity Log', 'Mango Tm', '2014-04-21 22:59:43', NULL, 'tb_logs', 'auditID', 'core', 'eyJ0YWJsZV9kY4oIonR4XixvZgM4LCJwcp3tYXJmXit3eSoIopFlZG30SUQ4LCJzcWxfciVsZWN0oj24oFNFTEVDVCB0Y39sbidzL425R3JPTSB0Y39sbidzoCosonNxbF9g6GVyZSoIo4BXSEVSRSB0Y39sbidzLpFlZG30SUQ5SVM5Tk9UoEmVTEw4LCJzcWxfZgJvdXA4O4o4LCJncp3koj1beyJp6WVsZCoIopFlZG30SUQ4LCJhbG3hcyoIonR4XixvZgM4LCJsYWJ3bCoIokFlZG30SUQ4LCJi6WVgoj2wLCJkZXRh6Ww4OjAsonNvcnRhYpx3oj2wLCJzZWFyYi54OjEsopRvdimsbiFkoj2wLCJpcp9IZWa4OjEsond1ZHR2oj24MTAwo4w4YWx1Zia4O4JsZWZ0o4w4ci9ydGx1cgQ4O4oxo4w4Yi9ub4oIeyJiYWx1ZCoIojA4LCJkY4oIo4osopt3eSoIo4osopR1cgBsYXk4O4o4fSw4YXR0cp34dXR3oj17ophmcGVybG3u6yoIeyJhYgR1dpU4OjEsopx1bps4O4o4LCJ0YXJnZXQ4O4o4LCJ2dGlsoj24on0sop3tYWd3oj17opFjdG3iZSoIMCw4cGF06CoIo4osonN1epVfeCoIo4osonN1epVfeSoIo4osoph0bWw4O4o4fXl9LHs4Zp33bGQ4O4J1cGFkZHJ3cgM4LCJhbG3hcyoIonR4XixvZgM4LCJsYWJ3bCoIok3Qo4w4dp33dyoIMSw4ZGV0YW3soj2xLCJzbgJ0YWJsZSoIMSw4ciVhcpN2oj2xLCJkbgdubG9hZCoIMSw4ZnJvepVuoj2xLCJg6WR06CoIojEwMCosopFs6Wduoj24bGVpdCosonNvcnRs6XN0oj24M4osopNvbpa4Ons4dpFs6WQ4O4owo4w4ZGo4O4o4LCJrZXk4O4o4LCJk6XNwbGFmoj24on0sopF0dHJ1YnV0ZSoIeyJ2eXB3cpx1bps4Ons4YWN06XZ3oj2xLCJs6Wmroj24o4w4dGFyZiV0oj24o4w46HRtbCoIo4J9LCJ1bWFnZSoIeyJhYgR1dpU4OjAsonBhdG54O4o4LCJz6X13Xg54O4o4LCJz6X13Xgk4O4o4LCJ2dGlsoj24onl9fSx7opZ1ZWxkoj24dXN3c391ZCosopFs6WFzoj24dGJfbG9ncyosopxhYpVsoj24VXN3cnM4LCJi6WVgoj2xLCJkZXRh6Ww4OjEsonNvcnRhYpx3oj2xLCJzZWFyYi54OjEsopRvdimsbiFkoj2xLCJpcp9IZWa4OjEsond1ZHR2oj24MTAwo4w4YWx1Zia4O4JsZWZ0o4w4ci9ydGx1cgQ4O4ozo4w4Yi9ub4oIeyJiYWx1ZCoIojE4LCJkY4oIonR4XgVzZXJzo4w46iVmoj246WQ4LCJk6XNwbGFmoj24Zp3ycgRfbpFtZSJ9LCJhdHRy6WJldGU4Ons46H3wZXJs6Wmroj17opFjdG3iZSoIMSw4bG3u6yoIo4osonRhcpd3dCoIo4osoph0bWw4O4o4fSw46WlhZiU4Ons4YWN06XZ3oj2wLCJwYXR2oj24o4w4ci3IZV9aoj24o4w4ci3IZV9moj24o4w46HRtbCoIo4J9fX0seyJp6WVsZCoIoplvZHVsZSosopFs6WFzoj24dGJfbG9ncyosopxhYpVsoj24TW9kdWx3o4w4dp33dyoIMSw4ZGV0YW3soj2xLCJzbgJ0YWJsZSoIMSw4ciVhcpN2oj2xLCJkbgdubG9hZCoIMSw4ZnJvepVuoj2xLCJg6WR06CoIojEwMCosopFs6Wduoj24bGVpdCosonNvcnRs6XN0oj24NCosopNvbpa4Ons4dpFs6WQ4O4owo4w4ZGo4O4o4LCJrZXk4O4o4LCJk6XNwbGFmoj24on0sopF0dHJ1YnV0ZSoIeyJ2eXB3cpx1bps4Ons4YWN06XZ3oj2xLCJs6Wmroj24o4w4dGFyZiV0oj24o4w46HRtbCoIo4J9LCJ1bWFnZSoIeyJhYgR1dpU4OjAsonBhdG54O4o4LCJz6X13Xg54O4o4LCJz6X13Xgk4O4o4LCJ2dGlsoj24onl9fSx7opZ1ZWxkoj24dGFz6yosopFs6WFzoj24dGJfbG9ncyosopxhYpVsoj24VGFz6yosonZ1ZXc4OjEsopR3dGF1bCoIMSw4ci9ydGF4bGU4OjEsonN3YXJj6CoIMSw4ZG9gbpxvYWQ4OjEsopZybg13b4oIMSw4di3kdG54O4oxMDA4LCJhbG3nb4oIopx3ZnQ4LCJzbgJ0bG3zdCoIojU4LCJjbimuoj17onZhbG3koj24MCosopR4oj24o4w46iVmoj24o4w4ZG3zcGxheSoIo4J9LCJhdHRy6WJldGU4Ons46H3wZXJs6Wmroj17opFjdG3iZSoIMSw4bG3u6yoIo4osonRhcpd3dCoIo4osoph0bWw4O4o4fSw46WlhZiU4Ons4YWN06XZ3oj2wLCJwYXR2oj24o4w4ci3IZV9aoj24o4w4ci3IZV9moj24o4w46HRtbCoIo4J9fX0seyJp6WVsZCoIopmvdGU4LCJhbG3hcyoIonR4XixvZgM4LCJsYWJ3bCoIokmvdGU4LCJi6WVgoj2xLCJkZXRh6Ww4OjEsonNvcnRhYpx3oj2xLCJzZWFyYi54OjEsopRvdimsbiFkoj2xLCJpcp9IZWa4OjEsond1ZHR2oj24MTAwo4w4YWx1Zia4O4JsZWZ0o4w4ci9ydGx1cgQ4O4oio4w4Yi9ub4oIeyJiYWx1ZCoIojA4LCJkY4oIo4osopt3eSoIo4osopR1cgBsYXk4O4o4fSw4YXR0cp34dXR3oj17ophmcGVybG3u6yoIeyJhYgR1dpU4OjEsopx1bps4O4o4LCJ0YXJnZXQ4O4o4LCJ2dGlsoj24on0sop3tYWd3oj17opFjdG3iZSoIMCw4cGF06CoIo4osonN1epVfeCoIo4osonN1epVfeSoIo4osoph0bWw4O4o4fXl9LHs4Zp33bGQ4O4JsbidkYXR3o4w4YWx1YXM4O4J0Y39sbidzo4w4bGF4ZWw4O4JMbidkYXR3o4w4dp33dyoIMSw4ZGV0YW3soj2xLCJzbgJ0YWJsZSoIMSw4ciVhcpN2oj2xLCJkbgdubG9hZCoIMSw4ZnJvepVuoj2xLCJg6WR06CoIojEwMCosopFs6Wduoj24bGVpdCosonNvcnRs6XN0oj24NyosopNvbpa4Ons4dpFs6WQ4O4owo4w4ZGo4O4o4LCJrZXk4O4o4LCJk6XNwbGFmoj24on0sopF0dHJ1YnV0ZSoIeyJ2eXB3cpx1bps4Ons4YWN06XZ3oj2xLCJs6Wmroj24o4w4dGFyZiV0oj24o4w46HRtbCoIo4J9LCJ1bWFnZSoIeyJhYgR1dpU4OjAsonBhdG54O4o4LCJz6X13Xg54O4o4LCJz6X13Xgk4O4o4LCJ2dGlsoj24onl9fV0sopZvcplzoj1beyJp6WVsZCoIopFlZG30SUQ4LCJhbG3hcyoIonR4XixvZgM4LCJsYWJ3bCoIokFlZG30SUQ4LCJyZXFl6XJ3ZCoIojA4LCJi6WVgoj24MSosonRmcGU4O4J0ZXh0o4w4YWRkoj24MSosopVk6XQ4O4oxo4w4ciVhcpN2oj24MSosonN1epU4O4JzcGFuMTo4LCJzbgJ0bG3zdCoIMCw4Zp9ybV9ncp9lcCoIo4osop9wdG3vb4oIeyJvcHRfdH3wZSoIo4osopxvbitlcF9xdWVyeSoIo4osopxvbitlcF90YWJsZSoIo4osopxvbitlcF9rZXk4O4o4LCJsbi9rdXBfdpFsdWU4O4o4LCJ1cl9kZXB3bpR3bpNmoj24o4w4bG9v6gVwXiR3cGVuZGVuYg3f6iVmoj24o4w4cGF06F90bl9lcGxvYWQ4O4o4LCJlcGxvYWRfdH3wZSoIo4osonRvbix06XA4O4o4LCJhdHRy6WJldGU4O4o4LCJ3eHR3bpRfYixhcgM4O4o4fX0seyJp6WVsZCoIop3wYWRkcpVzcyosopFs6WFzoj24dGJfbG9ncyosopxhYpVsoj24SXBhZGRyZXNzo4w4cpVxdW3yZWQ4O4owo4w4dp33dyoIojE4LCJ0eXB3oj24dGVadCosopFkZCoIojE4LCJ3ZG30oj24MSosonN3YXJj6CoIojE4LCJz6X13oj24cgBhbjEyo4w4ci9ydGx1cgQ4OjEsopZvcplfZgJvdXA4O4o4LCJvcHR1bia4Ons4bgB0XgRmcGU4O4o4LCJsbi9rdXBfcXV3cnk4O4o4LCJsbi9rdXBfdGF4bGU4O4o4LCJsbi9rdXBf6iVmoj24o4w4bG9v6gVwXgZhbHV3oj24o4w46XNfZGVwZWmkZWmjeSoIo4osopxvbitlcF9kZXB3bpR3bpNmXit3eSoIo4osonBhdGhfdG9fdXBsbiFkoj24o4w4dXBsbiFkXgRmcGU4O4o4LCJ0bi9sdG3woj24o4w4YXR0cp34dXR3oj24o4w4ZXh0ZWmkXiNsYXNzoj24onl9LHs4Zp33bGQ4O4JlciVyXi3ko4w4YWx1YXM4O4J0Y39sbidzo4w4bGF4ZWw4O4JVciVyoE3ko4w4Zp9ybV9ncp9lcCoIo4osonJ3cXV1cpVkoj24MCosonZ1ZXc4OjEsonRmcGU4O4JzZWx3YgQ4LCJhZGQ4OjEsopVk6XQ4OjEsonN3YXJj6CoIojE4LCJz6X13oj24o4w4ci9ydGx1cgQ4O4ozo4w4bgB06W9uoj17op9wdF90eXB3oj24ZXh0ZXJuYWw4LCJsbi9rdXBfcXV3cnk4O4o4LCJsbi9rdXBfdGF4bGU4O4J0Y39lciVycyosopxvbitlcF9rZXk4O4J1ZCosopxvbitlcF9iYWxlZSoIopZ1cnN0XimhbWU4LCJ1cl9kZXB3bpR3bpNmoj1udWxsLCJ1cl9tdWx06XBsZSoIbnVsbCw4bG9v6gVwXiR3cGVuZGVuYg3f6iVmoj24o4w4cGF06F90bl9lcGxvYWQ4O4o4LCJlcGxvYWRfdH3wZSoIbnVsbCw4cpVz6X13Xgd1ZHR2oj24o4w4cpVz6X13Xih36Wd2dCoIo4osonRvbix06XA4O4o4LCJhdHRy6WJldGU4O4o4LCJ3eHR3bpRfYixhcgM4O4o4fX0seyJp6WVsZCoIoplvZHVsZSosopFs6WFzoj24dGJfbG9ncyosopxhYpVsoj24TW9kdWx3o4w4cpVxdW3yZWQ4O4owo4w4dp33dyoIojE4LCJ0eXB3oj24dGVadCosopFkZCoIojE4LCJ3ZG30oj24MSosonN3YXJj6CoIojE4LCJz6X13oj24cgBhbjEyo4w4ci9ydGx1cgQ4OjQsopZvcplfZgJvdXA4O4o4LCJvcHR1bia4Ons4bgB0XgRmcGU4O4o4LCJsbi9rdXBfcXV3cnk4O4o4LCJsbi9rdXBfdGF4bGU4O4o4LCJsbi9rdXBf6iVmoj24o4w4bG9v6gVwXgZhbHV3oj24o4w46XNfZGVwZWmkZWmjeSoIo4osopxvbitlcF9kZXB3bpR3bpNmXit3eSoIo4osonBhdGhfdG9fdXBsbiFkoj24o4w4dXBsbiFkXgRmcGU4O4o4LCJ0bi9sdG3woj24o4w4YXR0cp34dXR3oj24o4w4ZXh0ZWmkXiNsYXNzoj24onl9LHs4Zp33bGQ4O4J0YXNro4w4YWx1YXM4O4J0Y39sbidzo4w4bGF4ZWw4O4JUYXNro4w4cpVxdW3yZWQ4O4owo4w4dp33dyoIojE4LCJ0eXB3oj24dGVadCosopFkZCoIojE4LCJ3ZG30oj24MSosonN3YXJj6CoIojE4LCJz6X13oj24cgBhbjEyo4w4ci9ydGx1cgQ4OjUsopZvcplfZgJvdXA4O4o4LCJvcHR1bia4Ons4bgB0XgRmcGU4O4o4LCJsbi9rdXBfcXV3cnk4O4o4LCJsbi9rdXBfdGF4bGU4O4o4LCJsbi9rdXBf6iVmoj24o4w4bG9v6gVwXgZhbHV3oj24o4w46XNfZGVwZWmkZWmjeSoIo4osopxvbitlcF9kZXB3bpR3bpNmXit3eSoIo4osonBhdGhfdG9fdXBsbiFkoj24o4w4dXBsbiFkXgRmcGU4O4o4LCJ0bi9sdG3woj24o4w4YXR0cp34dXR3oj24o4w4ZXh0ZWmkXiNsYXNzoj24onl9LHs4Zp33bGQ4O4JubgR3o4w4YWx1YXM4O4J0Y39sbidzo4w4bGF4ZWw4O4JObgR3o4w4cpVxdW3yZWQ4O4owo4w4dp33dyoIojE4LCJ0eXB3oj24dGVadGFyZWE4LCJhZGQ4O4oxo4w4ZWR1dCoIojE4LCJzZWFyYi54O4oxo4w4ci3IZSoIonNwYWaxM4osonNvcnRs6XN0oj2gLCJpbgJtXidybgVwoj24o4w4bgB06W9uoj17op9wdF90eXB3oj24o4w4bG9v6gVwXgFlZXJmoj24o4w4bG9v6gVwXgRhYpx3oj24o4w4bG9v6gVwXit3eSoIo4osopxvbitlcF9iYWxlZSoIo4osop3zXiR3cGVuZGVuYgk4O4o4LCJsbi9rdXBfZGVwZWmkZWmjeV9rZXk4O4o4LCJwYXR2XgRvXgVwbG9hZCoIo4osonVwbG9hZF90eXB3oj24o4w4dG9vbHR1cCoIo4osopF0dHJ1YnV0ZSoIo4osopVadGVuZF9jbGFzcyoIo4J9fSx7opZ1ZWxkoj24bG9nZGF0ZSosopFs6WFzoj24dGJfbG9ncyosopxhYpVsoj24TG9nZGF0ZSosonJ3cXV1cpVkoj24MCosonZ1ZXc4O4oxo4w4dH3wZSoIonR3eHRfZGF0ZXR1bWU4LCJhZGQ4O4oxo4w4ZWR1dCoIojE4LCJzZWFyYi54O4oxo4w4ci3IZSoIonNwYWaxM4osonNvcnRs6XN0oj2aLCJpbgJtXidybgVwoj24o4w4bgB06W9uoj17op9wdF90eXB3oj24o4w4bG9v6gVwXgFlZXJmoj24o4w4bG9v6gVwXgRhYpx3oj24o4w4bG9v6gVwXit3eSoIo4osopxvbitlcF9iYWxlZSoIo4osop3zXiR3cGVuZGVuYgk4O4o4LCJsbi9rdXBfZGVwZWmkZWmjeV9rZXk4O4o4LCJwYXR2XgRvXgVwbG9hZCoIo4osonVwbG9hZF90eXB3oj24o4w4dG9vbHR1cCoIo4osopF0dHJ1YnV0ZSoIo4osopVadGVuZF9jbGFzcyoIo4J9fVl9', NULL);
INSERT INTO `tb_module` VALUES(49, 'students', 'Estudiantes', 'Estudiantes', NULL, '2015-06-16 17:34:49', NULL, 'sc_student', 'id', 'addon', 'eyJzcWxfciVsZWN0oj24oFNFTEVDVCBzYl9zdHVkZWm0L425R3JPTSBzYl9zdHVkZWm0oCosonNxbF9g6GVyZSoIo4BXSEVSRSBzYl9zdHVkZWm0Lp3koE3ToEmPVCBOVUxMo4w4cgFsXidybgVwoj24o4w4dGF4bGVfZGo4O4JzYl9zdHVkZWm0o4w4cHJ1bWFyeV9rZXk4O4J1ZCosopZvcplfYi9sdWluoj2yLCJpbgJtXixheW9ldCoIeyJjbixlbWa4OjosonR1dGx3oj24RGF0bgM5UGVyci9uYWx3cyxDdWVudGE4LCJpbgJtYXQ4O4J0YWo4LCJk6XNwbGFmoj246G9y6X1vbnRhbCJ9LCJncp3koj1beyJp6WVsZCoIop3ko4w4YWx1YXM4O4JzYl9zdHVkZWm0o4w4bGFuZgVhZiU4O3tdLCJsYWJ3bCoIo4M5TWF0c3xlMDB3ZGNlbGE4LCJi6WVgoj2xLCJkZXRh6Ww4OjEsonNvcnRhYpx3oj2xLCJzZWFyYi54OjEsopRvdimsbiFkoj2xLCJpcp9IZWa4OjEsond1ZHR2oj24MTAwo4w4YWx1Zia4O4JsZWZ0o4w4ci9ydGx1cgQ4O4oxo4w4Yi9ub4oIeyJiYWx1ZCoIojA4LCJkY4oIo4osopt3eSoIo4osopR1cgBsYXk4O4o4fSw4YXR0cp34dXR3oj17ophmcGVybG3u6yoIeyJhYgR1dpU4OjEsopx1bps4O4o4LCJ0YXJnZXQ4O4o4LCJ2dGlsoj24on0sop3tYWd3oj17opFjdG3iZSoIMCw4cGF06CoIo4osonN1epVfeCoIo4osonN1epVfeSoIo4osoph0bWw4O4o4fXl9LHs4Zp33bGQ4O4J1ZGVudG30eWmlbWJ3c4osopFs6WFzoj24ciNfcgRlZGVudCosopxhbpdlYWd3oj1bXSw4bGF4ZWw4O4ojoE3kZWm06WRhZCosonZ1ZXc4OjEsopR3dGF1bCoIMSw4ci9ydGF4bGU4OjEsonN3YXJj6CoIMSw4ZG9gbpxvYWQ4OjEsopZybg13b4oIMSw4di3kdG54O4oxMDA4LCJhbG3nb4oIopx3ZnQ4LCJzbgJ0bG3zdCoIojo4LCJjbimuoj17onZhbG3koj24MCosopR4oj24o4w46iVmoj24o4w4ZG3zcGxheSoIo4J9LCJhdHRy6WJldGU4Ons46H3wZXJs6Wmroj17opFjdG3iZSoIMSw4bG3u6yoIo4osonRhcpd3dCoIo4osoph0bWw4O4o4fSw46WlhZiU4Ons4YWN06XZ3oj2wLCJwYXR2oj24o4w4ci3IZV9aoj24o4w4ci3IZV9moj24o4w46HRtbCoIo4J9fX0seyJp6WVsZCoIopmhbWU4LCJhbG3hcyoIonNjXgN0dWR3bnQ4LCJsYWmndWFnZSoIWl0sopxhYpVsoj24Tp9tYnJ3o4w4dp33dyoIMSw4ZGV0YW3soj2xLCJzbgJ0YWJsZSoIMSw4ciVhcpN2oj2xLCJkbgdubG9hZCoIMSw4ZnJvepVuoj2xLCJg6WR06CoIojEwMCosopFs6Wduoj24bGVpdCosonNvcnRs6XN0oj24MyosopNvbpa4Ons4dpFs6WQ4O4owo4w4ZGo4O4o4LCJrZXk4O4o4LCJk6XNwbGFmoj24on0sopF0dHJ1YnV0ZSoIeyJ2eXB3cpx1bps4Ons4YWN06XZ3oj2xLCJs6Wmroj24o4w4dGFyZiV0oj24o4w46HRtbCoIo4J9LCJ1bWFnZSoIeyJhYgR1dpU4OjAsonBhdG54O4o4LCJz6X13Xg54O4o4LCJz6X13Xgk4O4o4LCJ2dGlsoj24onl9fSx7opZ1ZWxkoj24ZpF06GVybGFzdGmhbWU4LCJhbG3hcyoIonNjXgN0dWR3bnQ4LCJsYWmndWFnZSoIWl0sopxhYpVsoj24QXB3bGx1ZG85MSosonZ1ZXc4OjEsopR3dGF1bCoIMSw4ci9ydGF4bGU4OjEsonN3YXJj6CoIMSw4ZG9gbpxvYWQ4OjEsopZybg13b4oIMSw4di3kdG54O4oxMDA4LCJhbG3nb4oIopx3ZnQ4LCJzbgJ0bG3zdCoIojQ4LCJjbimuoj17onZhbG3koj24MCosopR4oj24o4w46iVmoj24o4w4ZG3zcGxheSoIo4J9LCJhdHRy6WJldGU4Ons46H3wZXJs6Wmroj17opFjdG3iZSoIMSw4bG3u6yoIo4osonRhcpd3dCoIo4osoph0bWw4O4o4fSw46WlhZiU4Ons4YWN06XZ3oj2wLCJwYXR2oj24o4w4ci3IZV9aoj24o4w4ci3IZV9moj24o4w46HRtbCoIo4J9fX0seyJp6WVsZCoIoplvdGh3cpxhcgRuYWl3o4w4YWx1YXM4O4JzYl9zdHVkZWm0o4w4bGFuZgVhZiU4O3tdLCJsYWJ3bCoIokFwZWxs6WRvoDo4LCJi6WVgoj2xLCJkZXRh6Ww4OjEsonNvcnRhYpx3oj2xLCJzZWFyYi54OjEsopRvdimsbiFkoj2xLCJpcp9IZWa4OjEsond1ZHR2oj24MTAwo4w4YWx1Zia4O4JsZWZ0o4w4ci9ydGx1cgQ4O4olo4w4Yi9ub4oIeyJiYWx1ZCoIojA4LCJkY4oIo4osopt3eSoIo4osopR1cgBsYXk4O4o4fSw4YXR0cp34dXR3oj17ophmcGVybG3u6yoIeyJhYgR1dpU4OjEsopx1bps4O4o4LCJ0YXJnZXQ4O4o4LCJ2dGlsoj24on0sop3tYWd3oj17opFjdG3iZSoIMCw4cGF06CoIo4osonN1epVfeCoIo4osonN1epVfeSoIo4osoph0bWw4O4o4fXl9LHs4Zp33bGQ4O4JjbgVyciVlciVybpFtZSosopFs6WFzoj24ciNfcgRlZGVudCosopxhbpdlYWd3oj1bXSw4bGF4ZWw4O4JVcgVhcp3vo4w4dp33dyoIMCw4ZGV0YW3soj2xLCJzbgJ0YWJsZSoIMSw4ciVhcpN2oj2xLCJkbgdubG9hZCoIMSw4ZnJvepVuoj2xLCJg6WR06CoIojEwMCosopFs6Wduoj24bGVpdCosonNvcnRs6XN0oj24N4osopNvbpa4Ons4dpFs6WQ4O4owo4w4ZGo4O4o4LCJrZXk4O4o4LCJk6XNwbGFmoj24on0sopF0dHJ1YnV0ZSoIeyJ2eXB3cpx1bps4Ons4YWN06XZ3oj2xLCJs6Wmroj24o4w4dGFyZiV0oj24o4w46HRtbCoIo4J9LCJ1bWFnZSoIeyJhYgR1dpU4OjAsonBhdG54O4o4LCJz6X13Xg54O4o4LCJz6X13Xgk4O4o4LCJ2dGlsoj24onl9fSx7opZ1ZWxkoj24Yi9lcnN3cGFzcgdvcpQ4LCJhbG3hcyoIonNjXgN0dWR3bnQ4LCJsYWmndWFnZSoIWl0sopxhYpVsoj24Qi9udHJhciVcdTAwZjFho4w4dp33dyoIMCw4ZGV0YW3soj2xLCJzbgJ0YWJsZSoIMSw4ciVhcpN2oj2xLCJkbgdubG9hZCoIMSw4ZnJvepVuoj2xLCJg6WR06CoIojEwMCosopFs6Wduoj24bGVpdCosonNvcnRs6XN0oj24NyosopNvbpa4Ons4dpFs6WQ4O4owo4w4ZGo4O4o4LCJrZXk4O4o4LCJk6XNwbGFmoj24on0sopF0dHJ1YnV0ZSoIeyJ2eXB3cpx1bps4Ons4YWN06XZ3oj2xLCJs6Wmroj24o4w4dGFyZiV0oj24o4w46HRtbCoIo4J9LCJ1bWFnZSoIeyJhYgR1dpU4OjAsonBhdG54O4o4LCJz6X13Xg54O4o4LCJz6X13Xgk4O4o4LCJ2dGlsoj24onl9fSx7opZ1ZWxkoj24ZWlh6Ww4LCJhbG3hcyoIonNjXgN0dWR3bnQ4LCJsYWmndWFnZSoIWl0sopxhYpVsoj24RSltYW3so4w4dp33dyoIMSw4ZGV0YW3soj2xLCJzbgJ0YWJsZSoIMSw4ciVhcpN2oj2xLCJkbgdubG9hZCoIMSw4ZnJvepVuoj2xLCJg6WR06CoIojEwMCosopFs6Wduoj24bGVpdCosonNvcnRs6XN0oj24OCosopNvbpa4Ons4dpFs6WQ4O4owo4w4ZGo4O4o4LCJrZXk4O4o4LCJk6XNwbGFmoj24on0sopF0dHJ1YnV0ZSoIeyJ2eXB3cpx1bps4Ons4YWN06XZ3oj2xLCJs6Wmroj24o4w4dGFyZiV0oj24o4w46HRtbCoIo4J9LCJ1bWFnZSoIeyJhYgR1dpU4OjAsonBhdG54O4o4LCJz6X13Xg54O4o4LCJz6X13Xgk4O4o4LCJ2dGlsoj24onl9fSx7opZ1ZWxkoj24ZiVuZGVyo4w4YWx1YXM4O4JzYl9zdHVkZWm0o4w4bGFuZgVhZiU4O3tdLCJsYWJ3bCoIokdcdTAwZT3uZXJvo4w4dp33dyoIMSw4ZGV0YW3soj2xLCJzbgJ0YWJsZSoIMSw4ciVhcpN2oj2xLCJkbgdubG9hZCoIMSw4ZnJvepVuoj2xLCJg6WR06CoIojEwMCosopFs6Wduoj24bGVpdCosonNvcnRs6XN0oj24OSosopNvbpa4Ons4dpFs6WQ4O4owo4w4ZGo4O4o4LCJrZXk4O4o4LCJk6XNwbGFmoj24on0sopF0dHJ1YnV0ZSoIeyJ2eXB3cpx1bps4Ons4YWN06XZ3oj2xLCJs6Wmroj24o4w4dGFyZiV0oj24o4w46HRtbCoIo4J9LCJ1bWFnZSoIeyJhYgR1dpU4OjAsonBhdG54O4o4LCJz6X13Xg54O4o4LCJz6X13Xgk4O4o4LCJ2dGlsoj24onl9fSx7opZ1ZWxkoj24Yp3ydGhkYXR3o4w4YWx1YXM4O4JzYl9zdHVkZWm0o4w4bGFuZgVhZiU4O3tdLCJsYWJ3bCoIokZ3YihhoGR3oEmhYi3t6WVudG84LCJi6WVgoj2wLCJkZXRh6Ww4OjEsonNvcnRhYpx3oj2xLCJzZWFyYi54OjEsopRvdimsbiFkoj2xLCJpcp9IZWa4OjEsond1ZHR2oj24MTAwo4w4YWx1Zia4O4JsZWZ0o4w4ci9ydGx1cgQ4O4oxMCosopNvbpa4Ons4dpFs6WQ4O4owo4w4ZGo4O4o4LCJrZXk4O4o4LCJk6XNwbGFmoj24on0sopF0dHJ1YnV0ZSoIeyJ2eXB3cpx1bps4Ons4YWN06XZ3oj2xLCJs6Wmroj24o4w4dGFyZiV0oj24o4w46HRtbCoIo4J9LCJ1bWFnZSoIeyJhYgR1dpU4OjAsonBhdG54O4o4LCJz6X13Xg54O4o4LCJz6X13Xgk4O4o4LCJ2dGlsoj24onl9fSx7opZ1ZWxkoj24dpFs6WQ4LCJhbG3hcyoIonNjXgN0dWR3bnQ4LCJsYWmndWFnZSoIWl0sopxhYpVsoj24VpFs6WQ4LCJi6WVgoj2xLCJkZXRh6Ww4OjEsonNvcnRhYpx3oj2xLCJzZWFyYi54OjEsopRvdimsbiFkoj2xLCJpcp9IZWa4OjEsond1ZHR2oj24MTAwo4w4YWx1Zia4O4JsZWZ0o4w4ci9ydGx1cgQ4O4oxMSosopNvbpa4Ons4dpFs6WQ4O4owo4w4ZGo4O4o4LCJrZXk4O4o4LCJk6XNwbGFmoj24on0sopF0dHJ1YnV0ZSoIeyJ2eXB3cpx1bps4Ons4YWN06XZ3oj2xLCJs6Wmroj24o4w4dGFyZiV0oj24o4w46HRtbCoIo4J9LCJ1bWFnZSoIeyJhYgR1dpU4OjAsonBhdG54O4o4LCJz6X13Xg54O4o4LCJz6X13Xgk4O4o4LCJ2dGlsoj24onl9fSx7opZ1ZWxkoj24bGFzdF9sbid1b4osopFs6WFzoj24ciNfcgRlZGVudCosopxhbpdlYWd3oj1bXSw4bGF4ZWw4O4JMYXN0oExvZi3uo4w4dp33dyoIMCw4ZGV0YW3soj2xLCJzbgJ0YWJsZSoIMSw4ciVhcpN2oj2xLCJkbgdubG9hZCoIMSw4ZnJvepVuoj2xLCJg6WR06CoIojEwMCosopFs6Wduoj24bGVpdCosonNvcnRs6XN0oj24MTo4LCJjbimuoj17onZhbG3koj24MCosopR4oj24o4w46iVmoj24o4w4ZG3zcGxheSoIo4J9LCJhdHRy6WJldGU4Ons46H3wZXJs6Wmroj17opFjdG3iZSoIMSw4bG3u6yoIo4osonRhcpd3dCoIo4osoph0bWw4O4o4fSw46WlhZiU4Ons4YWN06XZ3oj2wLCJwYXR2oj24o4w4ci3IZV9aoj24o4w4ci3IZV9moj24o4w46HRtbCoIo4J9fX0seyJp6WVsZCoIopNyZWF0ZWRfYXQ4LCJhbG3hcyoIonNjXgN0dWR3bnQ4LCJsYWmndWFnZSoIWl0sopxhYpVsoj24QgJ3YXR3ZCBBdCosonZ1ZXc4OjAsopR3dGF1bCoIMSw4ci9ydGF4bGU4OjEsonN3YXJj6CoIMSw4ZG9gbpxvYWQ4OjEsopZybg13b4oIMSw4di3kdG54O4oxMDA4LCJhbG3nb4oIopx3ZnQ4LCJzbgJ0bG3zdCoIojEzo4w4Yi9ub4oIeyJiYWx1ZCoIojA4LCJkY4oIo4osopt3eSoIo4osopR1cgBsYXk4O4o4fSw4YXR0cp34dXR3oj17ophmcGVybG3u6yoIeyJhYgR1dpU4OjEsopx1bps4O4o4LCJ0YXJnZXQ4O4o4LCJ2dGlsoj24on0sop3tYWd3oj17opFjdG3iZSoIMCw4cGF06CoIo4osonN1epVfeCoIo4osonN1epVfeSoIo4osoph0bWw4O4o4fXl9LHs4Zp33bGQ4O4JlcGRhdGVkXiF0o4w4YWx1YXM4O4JzYl9zdHVkZWm0o4w4bGFuZgVhZiU4O3tdLCJsYWJ3bCoIo3VwZGF0ZWQ5QXQ4LCJi6WVgoj2wLCJkZXRh6Ww4OjEsonNvcnRhYpx3oj2xLCJzZWFyYi54OjEsopRvdimsbiFkoj2xLCJpcp9IZWa4OjEsond1ZHR2oj24MTAwo4w4YWx1Zia4O4JsZWZ0o4w4ci9ydGx1cgQ4O4oxNCosopNvbpa4Ons4dpFs6WQ4O4owo4w4ZGo4O4o4LCJrZXk4O4o4LCJk6XNwbGFmoj24on0sopF0dHJ1YnV0ZSoIeyJ2eXB3cpx1bps4Ons4YWN06XZ3oj2xLCJs6Wmroj24o4w4dGFyZiV0oj24o4w46HRtbCoIo4J9LCJ1bWFnZSoIeyJhYgR1dpU4OjAsonBhdG54O4o4LCJz6X13Xg54O4o4LCJz6X13Xgk4O4o4LCJ2dGlsoj24onl9fV0sopZvcplzoj1beyJp6WVsZCoIop3ko4w4YWx1YXM4O4JzYl9zdHVkZWm0o4w4bGFuZgVhZiU4O3tdLCJsYWJ3bCoIok3ko4w4Zp9ybV9ncp9lcCoIojA4LCJyZXFl6XJ3ZCoIojA4LCJi6WVgoj2xLCJ0eXB3oj246G3kZGVuo4w4YWRkoj2xLCJz6X13oj24MCosopVk6XQ4OjEsonN3YXJj6CoIMCw4ci9ydGx1cgQ4O4owo4w4bgB06W9uoj17op9wdF90eXB3oj24o4w4bG9v6gVwXgFlZXJmoj24o4w4bG9v6gVwXgRhYpx3oj24o4w4bG9v6gVwXit3eSoIo4osopxvbitlcF9iYWxlZSoIo4osop3zXiR3cGVuZGVuYgk4O4o4LCJ1cl9tdWx06XBsZSoIo4osopxvbitlcF9kZXB3bpR3bpNmXit3eSoIo4osonBhdGhfdG9fdXBsbiFkoj24o4w4cpVz6X13Xgd1ZHR2oj24o4w4cpVz6X13Xih36Wd2dCoIo4osonVwbG9hZF90eXB3oj24o4w4dG9vbHR1cCoIo4osopF0dHJ1YnV0ZSoIo4osopVadGVuZF9jbGFzcyoIo4J9fSx7opZ1ZWxkoj246WR3bnR1dH3udWl4ZXo4LCJhbG3hcyoIonNjXgN0dWR3bnQ4LCJsYWmndWFnZSoIWl0sopxhYpVsoj24T3xlMDBpYWl3cp85ZGU5SWR3bnR1ZGFko4w4Zp9ybV9ncp9lcCoIojA4LCJyZXFl6XJ3ZCoIopFscGFfbnVto4w4dp33dyoIMSw4dH3wZSoIonR3eHQ4LCJhZGQ4OjEsonN1epU4O4owo4w4ZWR1dCoIMSw4ciVhcpN2oj24MSosonNvcnRs6XN0oj24MSosop9wdG3vb4oIeyJvcHRfdH3wZSoIo4osopxvbitlcF9xdWVyeSoIo4osopxvbitlcF90YWJsZSoIo4osopxvbitlcF9rZXk4O4o4LCJsbi9rdXBfdpFsdWU4O4o4LCJ1cl9kZXB3bpR3bpNmoj24o4w46XNfbXVsdG3wbGU4O4o4LCJsbi9rdXBfZGVwZWmkZWmjeV9rZXk4O4o4LCJwYXR2XgRvXgVwbG9hZCoIo4osonJ3ci3IZV9g6WR06CoIo4osonJ3ci3IZV92ZW3n6HQ4O4o4LCJlcGxvYWRfdH3wZSoIo4osonRvbix06XA4O4o4LCJhdHRy6WJldGU4O4o4LCJ3eHR3bpRfYixhcgM4O4o4fX0seyJp6WVsZCoIopmhbWU4LCJhbG3hcyoIonNjXgN0dWR3bnQ4LCJsYWmndWFnZSoIWl0sopxhYpVsoj24Tp9tYnJ3o4w4Zp9ybV9ncp9lcCoIojA4LCJyZXFl6XJ3ZCoIopFscGE4LCJi6WVgoj2xLCJ0eXB3oj24dGVadCosopFkZCoIMSw4ci3IZSoIojA4LCJ3ZG30oj2xLCJzZWFyYi54O4oxo4w4ci9ydGx1cgQ4O4oyo4w4bgB06W9uoj17op9wdF90eXB3oj24o4w4bG9v6gVwXgFlZXJmoj24o4w4bG9v6gVwXgRhYpx3oj24o4w4bG9v6gVwXit3eSoIo4osopxvbitlcF9iYWxlZSoIo4osop3zXiR3cGVuZGVuYgk4O4o4LCJ1cl9tdWx06XBsZSoIo4osopxvbitlcF9kZXB3bpR3bpNmXit3eSoIo4osonBhdGhfdG9fdXBsbiFkoj24o4w4cpVz6X13Xgd1ZHR2oj24o4w4cpVz6X13Xih36Wd2dCoIo4osonVwbG9hZF90eXB3oj24o4w4dG9vbHR1cCoIo4osopF0dHJ1YnV0ZSoIo4osopVadGVuZF9jbGFzcyoIo4J9fSx7opZ1ZWxkoj24ZpF06GVybGFzdGmhbWU4LCJhbG3hcyoIonNjXgN0dWR3bnQ4LCJsYWmndWFnZSoIWl0sopxhYpVsoj24QXB3bGx1ZG85MSosopZvcplfZgJvdXA4O4owo4w4cpVxdW3yZWQ4O4JhbHBho4w4dp33dyoIMSw4dH3wZSoIonR3eHQ4LCJhZGQ4OjEsonN1epU4O4owo4w4ZWR1dCoIMSw4ciVhcpN2oj24MSosonNvcnRs6XN0oj24Myosop9wdG3vb4oIeyJvcHRfdH3wZSoIo4osopxvbitlcF9xdWVyeSoIo4osopxvbitlcF90YWJsZSoIo4osopxvbitlcF9rZXk4O4o4LCJsbi9rdXBfdpFsdWU4O4o4LCJ1cl9kZXB3bpR3bpNmoj24o4w46XNfbXVsdG3wbGU4O4o4LCJsbi9rdXBfZGVwZWmkZWmjeV9rZXk4O4o4LCJwYXR2XgRvXgVwbG9hZCoIo4osonJ3ci3IZV9g6WR06CoIo4osonJ3ci3IZV92ZW3n6HQ4O4o4LCJlcGxvYWRfdH3wZSoIo4osonRvbix06XA4O4o4LCJhdHRy6WJldGU4O4o4LCJ3eHR3bpRfYixhcgM4O4o4fX0seyJp6WVsZCoIoplvdGh3cpxhcgRuYWl3o4w4YWx1YXM4O4JzYl9zdHVkZWm0o4w4bGFuZgVhZiU4O3tdLCJsYWJ3bCoIokFwZWxs6WRvoDo4LCJpbgJtXidybgVwoj24MCosonJ3cXV1cpVkoj24MCosonZ1ZXc4OjEsonRmcGU4O4J0ZXh0o4w4YWRkoj2xLCJz6X13oj24MCosopVk6XQ4OjEsonN3YXJj6CoIojE4LCJzbgJ0bG3zdCoIojQ4LCJvcHR1bia4Ons4bgB0XgRmcGU4O4o4LCJsbi9rdXBfcXV3cnk4O4o4LCJsbi9rdXBfdGF4bGU4O4o4LCJsbi9rdXBf6iVmoj24o4w4bG9v6gVwXgZhbHV3oj24o4w46XNfZGVwZWmkZWmjeSoIo4osop3zXillbHR1cGx3oj24o4w4bG9v6gVwXiR3cGVuZGVuYg3f6iVmoj24o4w4cGF06F90bl9lcGxvYWQ4O4o4LCJyZXN1epVfdi3kdG54O4o4LCJyZXN1epVf6GV1Zih0oj24o4w4dXBsbiFkXgRmcGU4O4o4LCJ0bi9sdG3woj24o4w4YXR0cp34dXR3oj24o4w4ZXh0ZWmkXiNsYXNzoj24onl9LHs4Zp33bGQ4O4J3bWF1bCosopFs6WFzoj24ciNfcgRlZGVudCosopxhbpdlYWd3oj1bXSw4bGF4ZWw4O4JFLWlh6Ww4LCJpbgJtXidybgVwoj24MCosonJ3cXV1cpVkoj24ZWlh6Ww4LCJi6WVgoj2xLCJ0eXB3oj24dGVadCosopFkZCoIMSw4ci3IZSoIojA4LCJ3ZG30oj2xLCJzZWFyYi54O4oxo4w4ci9ydGx1cgQ4O4olo4w4bgB06W9uoj17op9wdF90eXB3oj24o4w4bG9v6gVwXgFlZXJmoj24o4w4bG9v6gVwXgRhYpx3oj24o4w4bG9v6gVwXit3eSoIo4osopxvbitlcF9iYWxlZSoIo4osop3zXiR3cGVuZGVuYgk4O4o4LCJ1cl9tdWx06XBsZSoIo4osopxvbitlcF9kZXB3bpR3bpNmXit3eSoIo4osonBhdGhfdG9fdXBsbiFkoj24o4w4cpVz6X13Xgd1ZHR2oj24o4w4cpVz6X13Xih36Wd2dCoIo4osonVwbG9hZF90eXB3oj24o4w4dG9vbHR1cCoIo4osopF0dHJ1YnV0ZSoIo4osopVadGVuZF9jbGFzcyoIo4J9fSx7opZ1ZWxkoj24ZiVuZGVyo4w4YWx1YXM4O4JzYl9zdHVkZWm0o4w4bGFuZgVhZiU4O3tdLCJsYWJ3bCoIokdcdTAwZT3uZXJvo4w4Zp9ybV9ncp9lcCoIojA4LCJyZXFl6XJ3ZCoIojA4LCJi6WVgoj2xLCJ0eXB3oj24ciVsZWN0o4w4YWRkoj2xLCJz6X13oj24MCosopVk6XQ4OjEsonN3YXJj6CoIojE4LCJzbgJ0bG3zdCoIojY4LCJvcHR1bia4Ons4bgB0XgRmcGU4O4JkYXRhbG3zdCosopxvbitlcF9xdWVyeSoIok5ITWFzYgVs6WmvfE0IRpVtZWm1bp84LCJsbi9rdXBfdGF4bGU4O4o4LCJsbi9rdXBf6iVmoj24o4w4bG9v6gVwXgZhbHV3oj24o4w46XNfZGVwZWmkZWmjeSoIo4osop3zXillbHR1cGx3oj24o4w4bG9v6gVwXiR3cGVuZGVuYg3f6iVmoj24o4w4cGF06F90bl9lcGxvYWQ4O4o4LCJyZXN1epVfdi3kdG54O4o4LCJyZXN1epVf6GV1Zih0oj24o4w4dXBsbiFkXgRmcGU4O4o4LCJ0bi9sdG3woj24o4w4YXR0cp34dXR3oj24o4w4ZXh0ZWmkXiNsYXNzoj24onl9LHs4Zp33bGQ4O4J46XJ06GRhdGU4LCJhbG3hcyoIonNjXgN0dWR3bnQ4LCJsYWmndWFnZSoIWl0sopxhYpVsoj24RpVj6GE5ZGU5TpFj6Wl1ZWm0byosopZvcplfZgJvdXA4O4owo4w4cpVxdW3yZWQ4O4owo4w4dp33dyoIMCw4dH3wZSoIonR3eHRfZGF0ZXR1bWU4LCJhZGQ4OjEsonN1epU4O4owo4w4ZWR1dCoIMSw4ciVhcpN2oj2wLCJzbgJ0bG3zdCoIojc4LCJvcHR1bia4Ons4bgB0XgRmcGU4O4o4LCJsbi9rdXBfcXV3cnk4O4o4LCJsbi9rdXBfdGF4bGU4O4o4LCJsbi9rdXBf6iVmoj24o4w4bG9v6gVwXgZhbHV3oj24o4w46XNfZGVwZWmkZWmjeSoIo4osop3zXillbHR1cGx3oj24o4w4bG9v6gVwXiR3cGVuZGVuYg3f6iVmoj24o4w4cGF06F90bl9lcGxvYWQ4O4o4LCJyZXN1epVfdi3kdG54O4o4LCJyZXN1epVf6GV1Zih0oj24o4w4dXBsbiFkXgRmcGU4O4o4LCJ0bi9sdG3woj24o4w4YXR0cp34dXR3oj24o4w4ZXh0ZWmkXiNsYXNzoj24onl9LHs4Zp33bGQ4O4JiYWx1ZCosopFs6WFzoj24ciNfcgRlZGVudCosopxhbpdlYWd3oj1bXSw4bGF4ZWw4O4JWYWx1ZCosopZvcplfZgJvdXA4O4owo4w4cpVxdW3yZWQ4O4owo4w4dp33dyoIMCw4dH3wZSoIonR3eHQ4LCJhZGQ4OjEsonN1epU4O4owo4w4ZWR1dCoIMSw4ciVhcpN2oj24MSosonNvcnRs6XN0oj24OCosop9wdG3vb4oIeyJvcHRfdH3wZSoIo4osopxvbitlcF9xdWVyeSoIo4osopxvbitlcF90YWJsZSoIo4osopxvbitlcF9rZXk4O4o4LCJsbi9rdXBfdpFsdWU4O4o4LCJ1cl9kZXB3bpR3bpNmoj24o4w46XNfbXVsdG3wbGU4O4o4LCJsbi9rdXBfZGVwZWmkZWmjeV9rZXk4O4o4LCJwYXR2XgRvXgVwbG9hZCoIo4osonJ3ci3IZV9g6WR06CoIo4osonJ3ci3IZV92ZW3n6HQ4O4o4LCJlcGxvYWRfdH3wZSoIo4osonRvbix06XA4O4o4LCJhdHRy6WJldGU4O4o4LCJ3eHR3bpRfYixhcgM4O4o4fX0seyJp6WVsZCoIopxhcgRfbG9n6Wa4LCJhbG3hcyoIonNjXgN0dWR3bnQ4LCJsYWmndWFnZSoIWl0sopxhYpVsoj24TGFzdCBMbid1b4osopZvcplfZgJvdXA4O4owo4w4cpVxdW3yZWQ4O4owo4w4dp33dyoIMCw4dH3wZSoIonR3eHQ4LCJhZGQ4OjEsonN1epU4O4owo4w4ZWR1dCoIMSw4ciVhcpN2oj2wLCJzbgJ0bG3zdCoIojk4LCJvcHR1bia4Ons4bgB0XgRmcGU4O4o4LCJsbi9rdXBfcXV3cnk4O4o4LCJsbi9rdXBfdGF4bGU4O4o4LCJsbi9rdXBf6iVmoj24o4w4bG9v6gVwXgZhbHV3oj24o4w46XNfZGVwZWmkZWmjeSoIo4osop3zXillbHR1cGx3oj24o4w4bG9v6gVwXiR3cGVuZGVuYg3f6iVmoj24o4w4cGF06F90bl9lcGxvYWQ4O4o4LCJyZXN1epVfdi3kdG54O4o4LCJyZXN1epVf6GV1Zih0oj24o4w4dXBsbiFkXgRmcGU4O4o4LCJ0bi9sdG3woj24o4w4YXR0cp34dXR3oj24o4w4ZXh0ZWmkXiNsYXNzoj24onl9LHs4Zp33bGQ4O4JjcpVhdGVkXiF0o4w4YWx1YXM4O4JzYl9zdHVkZWm0o4w4bGFuZgVhZiU4O3tdLCJsYWJ3bCoIokNyZWF0ZWQ5QXQ4LCJpbgJtXidybgVwoj24MCosonJ3cXV1cpVkoj24MCosonZ1ZXc4OjAsonRmcGU4O4J0ZXh0XiRhdGV06Wl3o4w4YWRkoj2xLCJz6X13oj24MCosopVk6XQ4OjEsonN3YXJj6CoIMCw4ci9ydGx1cgQ4O4oxMCosop9wdG3vb4oIeyJvcHRfdH3wZSoIo4osopxvbitlcF9xdWVyeSoIo4osopxvbitlcF90YWJsZSoIo4osopxvbitlcF9rZXk4O4o4LCJsbi9rdXBfdpFsdWU4O4o4LCJ1cl9kZXB3bpR3bpNmoj24o4w46XNfbXVsdG3wbGU4O4o4LCJsbi9rdXBfZGVwZWmkZWmjeV9rZXk4O4o4LCJwYXR2XgRvXgVwbG9hZCoIo4osonJ3ci3IZV9g6WR06CoIo4osonJ3ci3IZV92ZW3n6HQ4O4o4LCJlcGxvYWRfdH3wZSoIo4osonRvbix06XA4O4o4LCJhdHRy6WJldGU4O4o4LCJ3eHR3bpRfYixhcgM4O4o4fX0seyJp6WVsZCoIonVwZGF0ZWRfYXQ4LCJhbG3hcyoIonNjXgN0dWR3bnQ4LCJsYWmndWFnZSoIWl0sopxhYpVsoj24VXBkYXR3ZCBBdCosopZvcplfZgJvdXA4O4owo4w4cpVxdW3yZWQ4O4owo4w4dp33dyoIMCw4dH3wZSoIonR3eHRfZGF0ZXR1bWU4LCJhZGQ4OjEsonN1epU4O4owo4w4ZWR1dCoIMSw4ciVhcpN2oj2wLCJzbgJ0bG3zdCoIojExo4w4bgB06W9uoj17op9wdF90eXB3oj24o4w4bG9v6gVwXgFlZXJmoj24o4w4bG9v6gVwXgRhYpx3oj24o4w4bG9v6gVwXit3eSoIo4osopxvbitlcF9iYWxlZSoIo4osop3zXiR3cGVuZGVuYgk4O4o4LCJ1cl9tdWx06XBsZSoIo4osopxvbitlcF9kZXB3bpR3bpNmXit3eSoIo4osonBhdGhfdG9fdXBsbiFkoj24o4w4cpVz6X13Xgd1ZHR2oj24o4w4cpVz6X13Xih36Wd2dCoIo4osonVwbG9hZF90eXB3oj24o4w4dG9vbHR1cCoIo4osopF0dHJ1YnV0ZSoIo4osopVadGVuZF9jbGFzcyoIo4J9fSx7opZ1ZWxkoj24Yi9lcnN3dXN3cpmhbWU4LCJhbG3hcyoIonNjXgN0dWR3bnQ4LCJsYWmndWFnZSoIWl0sopxhYpVsoj24VXNlYXJ1byosopZvcplfZgJvdXA4O4oxo4w4cpVxdW3yZWQ4O4JhbHBhXimlbSosonZ1ZXc4OjEsonRmcGU4O4J0ZXh0o4w4YWRkoj2xLCJz6X13oj24MCosopVk6XQ4OjEsonN3YXJj6CoIMCw4ci9ydGx1cgQ4O4oxM4osop9wdG3vb4oIeyJvcHRfdH3wZSoIo4osopxvbitlcF9xdWVyeSoIo4osopxvbitlcF90YWJsZSoIo4osopxvbitlcF9rZXk4O4o4LCJsbi9rdXBfdpFsdWU4O4o4LCJ1cl9kZXB3bpR3bpNmoj24o4w46XNfbXVsdG3wbGU4O4o4LCJsbi9rdXBfZGVwZWmkZWmjeV9rZXk4O4o4LCJwYXR2XgRvXgVwbG9hZCoIo4osonJ3ci3IZV9g6WR06CoIo4osonJ3ci3IZV92ZW3n6HQ4O4o4LCJlcGxvYWRfdH3wZSoIo4osonRvbix06XA4O4o4LCJhdHRy6WJldGU4O4o4LCJ3eHR3bpRfYixhcgM4O4o4fX0seyJp6WVsZCoIopNvdXJzZXBhcgNgbgJko4w4YWx1YXM4O4JzYl9zdHVkZWm0o4w4bGFuZgVhZiU4O3tdLCJsYWJ3bCoIokNvbnRyYXN3XHUwMGYxYSosopZvcplfZgJvdXA4O4oxo4w4cpVxdW3yZWQ4O4owo4w4dp33dyoIMSw4dH3wZSoIonR3eHQ4LCJhZGQ4OjEsonN1epU4O4owo4w4ZWR1dCoIMSw4ciVhcpN2oj2wLCJzbgJ0bG3zdCoIojEzo4w4bgB06W9uoj17op9wdF90eXB3oj24o4w4bG9v6gVwXgFlZXJmoj24o4w4bG9v6gVwXgRhYpx3oj24o4w4bG9v6gVwXit3eSoIo4osopxvbitlcF9iYWxlZSoIo4osop3zXiR3cGVuZGVuYgk4O4o4LCJ1cl9tdWx06XBsZSoIo4osopxvbitlcF9kZXB3bpR3bpNmXit3eSoIo4osonBhdGhfdG9fdXBsbiFkoj24o4w4cpVz6X13Xgd1ZHR2oj24o4w4cpVz6X13Xih36Wd2dCoIo4osonVwbG9hZF90eXB3oj24o4w4dG9vbHR1cCoIo4osopF0dHJ1YnV0ZSoIo4osopVadGVuZF9jbGFzcyoIo4J9fVl9', NULL);
INSERT INTO `tb_module` VALUES(50, 'enrolment', 'Matrículas', 'Matrículas', NULL, '2015-06-16 18:16:14', NULL, 'pv_enrolment', 'id', 'addon', 'eyJzcWxfciVsZWN0oj24oFNFTEVDVCBwd393bnJvbGl3bnQuK4BGUk9NoHBiXiVucp9sbWVudCA4LCJzcWxfdih3cpU4O4o5V0hFUkU5cHZfZWmybixtZWm0Lp3koE3ToEmPVCBOVUxMo4w4cgFsXidybgVwoj24o4w4dGF4bGVfZGo4O4Jwd393bnJvbGl3bnQ4LCJwcp3tYXJmXit3eSoIop3ko4w4ZgJ1ZCoIWgs4Zp33bGQ4O4J1ZCosopFs6WFzoj24cHZfZWmybixtZWm0o4w4bGFuZgVhZiU4O3tdLCJsYWJ3bCoIok3ko4w4dp33dyoIMCw4ZGV0YW3soj2xLCJzbgJ0YWJsZSoIMSw4ciVhcpN2oj2xLCJkbgdubG9hZCoIMSw4ZnJvepVuoj2xLCJg6WR06CoIojEwMCosopFs6Wduoj24bGVpdCosonNvcnRs6XN0oj24MSosopNvbpa4Ons4dpFs6WQ4O4owo4w4ZGo4O4o4LCJrZXk4O4o4LCJk6XNwbGFmoj24on0sopF0dHJ1YnV0ZSoIeyJ2eXB3cpx1bps4Ons4YWN06XZ3oj2xLCJs6Wmroj24o4w4dGFyZiV0oj24o4w46HRtbCoIo4J9LCJ1bWFnZSoIeyJhYgR1dpU4OjAsonBhdG54O4o4LCJz6X13Xg54O4o4LCJz6X13Xgk4O4o4LCJ2dGlsoj24onl9fSx7opZ1ZWxkoj24ciNfUgRlZGVudF91ZCosopFs6WFzoj24cHZfZWmybixtZWm0o4w4bGFuZgVhZiU4O3tdLCJsYWJ3bCoIokVzdHVk6WFudGU4LCJi6WVgoj2xLCJkZXRh6Ww4OjEsonNvcnRhYpx3oj2xLCJzZWFyYi54OjEsopRvdimsbiFkoj2xLCJpcp9IZWa4OjEsond1ZHR2oj24MTAwo4w4YWx1Zia4O4JsZWZ0o4w4ci9ydGx1cgQ4O4oyo4w4Yi9ub4oIeyJiYWx1ZCoIojE4LCJkY4oIonNjXgN0dWR3bnQ4LCJrZXk4O4J1ZCosopR1cgBsYXk4O4J1ZHxuYWl3fGZhdGh3cpxhcgRuYWl3on0sopF0dHJ1YnV0ZSoIeyJ2eXB3cpx1bps4Ons4YWN06XZ3oj2xLCJs6Wmroj24o4w4dGFyZiV0oj24o4w46HRtbCoIo4J9LCJ1bWFnZSoIeyJhYgR1dpU4OjAsonBhdG54O4o4LCJz6X13Xg54O4o4LCJz6X13Xgk4O4o4LCJ2dGlsoj24onl9fSx7opZ1ZWxkoj24Yi9lcnN3SWQ4LCJhbG3hcyoIonBiXiVucp9sbWVudCosopxhbpdlYWd3oj1bXSw4bGF4ZWw4O4JDdXJzbyosonZ1ZXc4OjEsopR3dGF1bCoIMSw4ci9ydGF4bGU4OjEsonN3YXJj6CoIMSw4ZG9gbpxvYWQ4OjEsopZybg13b4oIMSw4di3kdG54O4oxMDA4LCJhbG3nb4oIopx3ZnQ4LCJzbgJ0bG3zdCoIojM4LCJjbimuoj17onZhbG3koj24MSosopR4oj24ciNfYi9lcnN3o4w46iVmoj246WQ4LCJk6XNwbGFmoj24Yi9kZXxuYWl3on0sopF0dHJ1YnV0ZSoIeyJ2eXB3cpx1bps4Ons4YWN06XZ3oj2xLCJs6Wmroj24o4w4dGFyZiV0oj24o4w46HRtbCoIo4J9LCJ1bWFnZSoIeyJhYgR1dpU4OjAsonBhdG54O4o4LCJz6X13Xg54O4o4LCJz6X13Xgk4O4o4LCJ2dGlsoj24onl9fSx7opZ1ZWxkoj24Zp3uYWxzYi9yZSosopFs6WFzoj24cHZfZWmybixtZWm0o4w4bGFuZgVhZiU4O3tdLCJsYWJ3bCoIokmvdGE5Zp3uYWw4LCJi6WVgoj2xLCJkZXRh6Ww4OjEsonNvcnRhYpx3oj2xLCJzZWFyYi54OjEsopRvdimsbiFkoj2xLCJpcp9IZWa4OjEsond1ZHR2oj24MTAwo4w4YWx1Zia4O4JsZWZ0o4w4ci9ydGx1cgQ4O4o0o4w4Yi9ub4oIeyJiYWx1ZCoIojA4LCJkY4oIo4osopt3eSoIo4osopR1cgBsYXk4O4o4fSw4YXR0cp34dXR3oj17ophmcGVybG3u6yoIeyJhYgR1dpU4OjEsopx1bps4O4o4LCJ0YXJnZXQ4O4o4LCJ2dGlsoj24on0sop3tYWd3oj17opFjdG3iZSoIMCw4cGF06CoIo4osonN1epVfeCoIo4osonN1epVfeSoIo4osoph0bWw4O4o4fXl9LHs4Zp33bGQ4O4JjbiltZWm0o4w4YWx1YXM4O4Jwd393bnJvbGl3bnQ4LCJsYWmndWFnZSoIWl0sopxhYpVsoj24Qi9tZWm0YXJ1byosonZ1ZXc4OjEsopR3dGF1bCoIMSw4ci9ydGF4bGU4OjEsonN3YXJj6CoIMSw4ZG9gbpxvYWQ4OjEsopZybg13b4oIMSw4di3kdG54O4oxMDA4LCJhbG3nb4oIopx3ZnQ4LCJzbgJ0bG3zdCoIojU4LCJjbimuoj17onZhbG3koj24MCosopR4oj24o4w46iVmoj24o4w4ZG3zcGxheSoIo4J9LCJhdHRy6WJldGU4Ons46H3wZXJs6Wmroj17opFjdG3iZSoIMSw4bG3u6yoIo4osonRhcpd3dCoIo4osoph0bWw4O4o4fSw46WlhZiU4Ons4YWN06XZ3oj2wLCJwYXR2oj24o4w4ci3IZV9aoj24o4w4ci3IZV9moj24o4w46HRtbCoIo4J9fX0seyJp6WVsZCoIopVucp9sbWVudFN0YXRlcyosopFs6WFzoj24cHZfZWmybixtZWm0o4w4bGFuZgVhZiU4O3tdLCJsYWJ3bCoIokVzdGFkbyosonZ1ZXc4OjEsopR3dGF1bCoIMSw4ci9ydGF4bGU4OjEsonN3YXJj6CoIMSw4ZG9gbpxvYWQ4OjEsopZybg13b4oIMSw4di3kdG54O4oxMDA4LCJhbG3nb4oIopx3ZnQ4LCJzbgJ0bG3zdCoIojY4LCJjbimuoj17onZhbG3koj24MCosopR4oj24o4w46iVmoj24o4w4ZG3zcGxheSoIo4J9LCJhdHRy6WJldGU4Ons46H3wZXJs6Wmroj17opFjdG3iZSoIMSw4bG3u6yoIo4osonRhcpd3dCoIo4osoph0bWw4O4o4fSw46WlhZiU4Ons4YWN06XZ3oj2wLCJwYXR2oj24o4w4ci3IZV9aoj24o4w4ci3IZV9moj24o4w46HRtbCoIo4J9fX0seyJp6WVsZCoIonZhbG3ko4w4YWx1YXM4O4Jwd393bnJvbGl3bnQ4LCJsYWmndWFnZSoIWl0sopxhYpVsoj24VpFs6WQ4LCJi6WVgoj2xLCJkZXRh6Ww4OjEsonNvcnRhYpx3oj2xLCJzZWFyYi54OjEsopRvdimsbiFkoj2xLCJpcp9IZWa4OjEsond1ZHR2oj24MTAwo4w4YWx1Zia4O4JsZWZ0o4w4ci9ydGx1cgQ4O4ogo4w4Yi9ub4oIeyJiYWx1ZCoIojA4LCJkY4oIo4osopt3eSoIo4osopR1cgBsYXk4O4o4fSw4YXR0cp34dXR3oj17ophmcGVybG3u6yoIeyJhYgR1dpU4OjEsopx1bps4O4o4LCJ0YXJnZXQ4O4o4LCJ2dGlsoj24on0sop3tYWd3oj17opFjdG3iZSoIMCw4cGF06CoIo4osonN1epVfeCoIo4osonN1epVfeSoIo4osoph0bWw4O4o4fXl9LHs4Zp33bGQ4O4JjcpVhdGVkXiF0o4w4YWx1YXM4O4Jwd393bnJvbGl3bnQ4LCJsYWmndWFnZSoIWl0sopxhYpVsoj24QgJ3YWRvo4w4dp33dyoIMSw4ZGV0YW3soj2xLCJzbgJ0YWJsZSoIMSw4ciVhcpN2oj2xLCJkbgdubG9hZCoIMSw4ZnJvepVuoj2xLCJg6WR06CoIojEwMCosopFs6Wduoj24bGVpdCosonNvcnRs6XN0oj24OCosopNvbpa4Ons4dpFs6WQ4O4owo4w4ZGo4O4o4LCJrZXk4O4o4LCJk6XNwbGFmoj24on0sopF0dHJ1YnV0ZSoIeyJ2eXB3cpx1bps4Ons4YWN06XZ3oj2xLCJs6Wmroj24o4w4dGFyZiV0oj24o4w46HRtbCoIo4J9LCJ1bWFnZSoIeyJhYgR1dpU4OjAsonBhdG54O4o4LCJz6X13Xg54O4o4LCJz6X13Xgk4O4o4LCJ2dGlsoj24onl9fSx7opZ1ZWxkoj24dXBkYXR3ZF9hdCosopFs6WFzoj24cHZfZWmybixtZWm0o4w4bGFuZgVhZiU4O3tdLCJsYWJ3bCoIokFjdHVhbG3IYWRvo4w4dp33dyoIMSw4ZGV0YW3soj2xLCJzbgJ0YWJsZSoIMSw4ciVhcpN2oj2xLCJkbgdubG9hZCoIMSw4ZnJvepVuoj2xLCJg6WR06CoIojEwMCosopFs6Wduoj24bGVpdCosonNvcnRs6XN0oj24OSosopNvbpa4Ons4dpFs6WQ4O4owo4w4ZGo4O4o4LCJrZXk4O4o4LCJk6XNwbGFmoj24on0sopF0dHJ1YnV0ZSoIeyJ2eXB3cpx1bps4Ons4YWN06XZ3oj2xLCJs6Wmroj24o4w4dGFyZiV0oj24o4w46HRtbCoIo4J9LCJ1bWFnZSoIeyJhYgR1dpU4OjAsonBhdG54O4o4LCJz6X13Xg54O4o4LCJz6X13Xgk4O4o4LCJ2dGlsoj24onl9fV0sopZvcplfYi9sdWluoj2xLCJpbgJtXixheW9ldCoIeyJjbixlbWa4OjEsonR1dGx3oj24ZWmybixtZWm0o4w4Zp9ybWF0oj24ZgJ1ZCosopR1cgBsYXk4O4J2bgJ1ep9udGFson0sopZvcplzoj1beyJp6WVsZCoIop3ko4w4YWx1YXM4O4Jwd393bnJvbGl3bnQ4LCJsYWmndWFnZSoIWl0sopxhYpVsoj24SWQ4LCJpbgJtXidybgVwoj2wLCJyZXFl6XJ3ZCoIojA4LCJi6WVgoj2xLCJ0eXB3oj246G3kZGVuo4w4YWRkoj2xLCJz6X13oj24MCosopVk6XQ4OjEsonN3YXJj6CoIojE4LCJzbgJ0bG3zdCoIMCw4bgB06W9uoj17op9wdF90eXB3oj24o4w4bG9v6gVwXgFlZXJmoj24o4w4bG9v6gVwXgRhYpx3oj24o4w4bG9v6gVwXit3eSoIo4osopxvbitlcF9iYWxlZSoIo4osop3zXiR3cGVuZGVuYgk4O4o4LCJ1cl9tdWx06XBsZSoIo4osopxvbitlcF9kZXB3bpR3bpNmXit3eSoIo4osonBhdGhfdG9fdXBsbiFkoj24o4w4cpVz6X13Xgd1ZHR2oj24o4w4cpVz6X13Xih36Wd2dCoIo4osonVwbG9hZF90eXB3oj24o4w4dG9vbHR1cCoIo4osopF0dHJ1YnV0ZSoIo4osopVadGVuZF9jbGFzcyoIo4J9fSx7opZ1ZWxkoj24Yi9lcnN3SWQ4LCJhbG3hcyoIonBiXiVucp9sbWVudCosopxhbpdlYWd3oj1bXSw4bGF4ZWw4O4JDdXJzbyosopZvcplfZgJvdXA4OjAsonJ3cXV1cpVkoj24cpVxdW3yZWQ4LCJi6WVgoj2xLCJ0eXB3oj24ciVsZWN0o4w4YWRkoj2xLCJz6X13oj24MCosopVk6XQ4OjEsonN3YXJj6CoIojE4LCJzbgJ0bG3zdCoIMSw4bgB06W9uoj17op9wdF90eXB3oj24ZXh0ZXJuYWw4LCJsbi9rdXBfcXV3cnk4O4o4LCJsbi9rdXBfdGF4bGU4O4JzYl9jbgVyciU4LCJsbi9rdXBf6iVmoj246WQ4LCJsbi9rdXBfdpFsdWU4O4JjbiR3fGmhbWU4LCJ1cl9kZXB3bpR3bpNmoj24o4w46XNfbXVsdG3wbGU4O4o4LCJsbi9rdXBfZGVwZWmkZWmjeV9rZXk4O4o4LCJwYXR2XgRvXgVwbG9hZCoIo4osonJ3ci3IZV9g6WR06CoIo4osonJ3ci3IZV92ZW3n6HQ4O4o4LCJlcGxvYWRfdH3wZSoIo4osonRvbix06XA4O4o4LCJhdHRy6WJldGU4O4o4LCJ3eHR3bpRfYixhcgM4O4o4fX0seyJp6WVsZCoIonNjXlN0dWR3bnRf6WQ4LCJhbG3hcyoIonBiXiVucp9sbWVudCosopxhbpdlYWd3oj1bXSw4bGF4ZWw4O4JFcgRlZG3hbnR3o4w4Zp9ybV9ncp9lcCoIMCw4cpVxdW3yZWQ4O4JyZXFl6XJ3ZCosonZ1ZXc4OjEsonRmcGU4O4JzZWx3YgQ4LCJhZGQ4OjEsonN1epU4O4owo4w4ZWR1dCoIMSw4ciVhcpN2oj24MSosonNvcnRs6XN0oj2yLCJvcHR1bia4Ons4bgB0XgRmcGU4O4J3eHR3cpmhbCosopxvbitlcF9xdWVyeSoIo4osopxvbitlcF90YWJsZSoIonNjXgN0dWR3bnQ4LCJsbi9rdXBf6iVmoj246WQ4LCJsbi9rdXBfdpFsdWU4O4JuYWl3fGZhdGh3cpxhcgRuYWl3fGlvdGh3cpxhcgRuYWl3o4w46XNfZGVwZWmkZWmjeSoIo4osop3zXillbHR1cGx3oj24o4w4bG9v6gVwXiR3cGVuZGVuYg3f6iVmoj24o4w4cGF06F90bl9lcGxvYWQ4O4o4LCJyZXN1epVfdi3kdG54O4o4LCJyZXN1epVf6GV1Zih0oj24o4w4dXBsbiFkXgRmcGU4O4o4LCJ0bi9sdG3woj24o4w4YXR0cp34dXR3oj24o4w4ZXh0ZWmkXiNsYXNzoj24onl9LHs4Zp33bGQ4O4Jp6WmhbHNjbgJ3o4w4YWx1YXM4O4Jwd393bnJvbGl3bnQ4LCJsYWmndWFnZSoIWl0sopxhYpVsoj24Rp3uYWxzYi9yZSosopZvcplfZgJvdXA4OjAsonJ3cXV1cpVkoj24MCosonZ1ZXc4OjAsonRmcGU4O4J0ZXh0o4w4YWRkoj2xLCJz6X13oj24MCosopVk6XQ4OjEsonN3YXJj6CoIojE4LCJzbgJ0bG3zdCoIMyw4bgB06W9uoj17op9wdF90eXB3oj24o4w4bG9v6gVwXgFlZXJmoj24o4w4bG9v6gVwXgRhYpx3oj24o4w4bG9v6gVwXit3eSoIo4osopxvbitlcF9iYWxlZSoIo4osop3zXiR3cGVuZGVuYgk4O4o4LCJ1cl9tdWx06XBsZSoIo4osopxvbitlcF9kZXB3bpR3bpNmXit3eSoIo4osonBhdGhfdG9fdXBsbiFkoj24o4w4cpVz6X13Xgd1ZHR2oj24o4w4cpVz6X13Xih36Wd2dCoIo4osonVwbG9hZF90eXB3oj24o4w4dG9vbHR1cCoIo4osopF0dHJ1YnV0ZSoIo4osopVadGVuZF9jbGFzcyoIo4J9fSx7opZ1ZWxkoj24ZWmybixtZWm0UgRhdHVzo4w4YWx1YXM4O4Jwd393bnJvbGl3bnQ4LCJsYWmndWFnZSoIWl0sopxhYpVsoj24RXN0YWRvo4w4Zp9ybV9ncp9lcCoIMCw4cpVxdW3yZWQ4O4JyZXFl6XJ3ZCosonZ1ZXc4OjEsonRmcGU4O4JzZWx3YgQ4LCJhZGQ4OjEsonN1epU4O4owo4w4ZWR1dCoIMSw4ciVhcpN2oj24MSosonNvcnRs6XN0oj20LCJvcHR1bia4Ons4bgB0XgRmcGU4O4JkYXRhbG3zdCosopxvbitlcF9xdWVyeSoIoklhdHJ1YgVsYWRvOklhdHJ1YgVsYWRvfER3cilhdHJ1YgVsYWRvOkR3cilhdHJ1YgVsYWRvo4w4bG9v6gVwXgRhYpx3oj24o4w4bG9v6gVwXit3eSoIo4osopxvbitlcF9iYWxlZSoIo4osop3zXiR3cGVuZGVuYgk4O4o4LCJ1cl9tdWx06XBsZSoIo4osopxvbitlcF9kZXB3bpR3bpNmXit3eSoIo4osonBhdGhfdG9fdXBsbiFkoj24o4w4cpVz6X13Xgd1ZHR2oj24o4w4cpVz6X13Xih36Wd2dCoIo4osonVwbG9hZF90eXB3oj24o4w4dG9vbHR1cCoIo4osopF0dHJ1YnV0ZSoIo4osopVadGVuZF9jbGFzcyoIo4J9fSx7opZ1ZWxkoj24Yi9tbWVudCosopFs6WFzoj24cHZfZWmybixtZWm0o4w4bGFuZgVhZiU4O3tdLCJsYWJ3bCoIokNvbWVudGFy6W84LCJpbgJtXidybgVwoj2wLCJyZXFl6XJ3ZCoIojA4LCJi6WVgoj2xLCJ0eXB3oj24dGVadGFyZWFfZWR1dG9yo4w4YWRkoj2xLCJz6X13oj24MCosopVk6XQ4OjEsonN3YXJj6CoIojE4LCJzbgJ0bG3zdCoINSw4bgB06W9uoj17op9wdF90eXB3oj24o4w4bG9v6gVwXgFlZXJmoj24o4w4bG9v6gVwXgRhYpx3oj24o4w4bG9v6gVwXit3eSoIo4osopxvbitlcF9iYWxlZSoIo4osop3zXiR3cGVuZGVuYgk4O4o4LCJ1cl9tdWx06XBsZSoIo4osopxvbitlcF9kZXB3bpR3bpNmXit3eSoIo4osonBhdGhfdG9fdXBsbiFkoj24o4w4cpVz6X13Xgd1ZHR2oj24o4w4cpVz6X13Xih36Wd2dCoIo4osonVwbG9hZF90eXB3oj24o4w4dG9vbHR1cCoIo4osopF0dHJ1YnV0ZSoIo4osopVadGVuZF9jbGFzcyoIo4J9fSx7opZ1ZWxkoj24dpFs6WQ4LCJhbG3hcyoIonBiXiVucp9sbWVudCosopxhbpdlYWd3oj1bXSw4bGF4ZWw4O4JWYWx1ZCosopZvcplfZgJvdXA4OjAsonJ3cXV1cpVkoj24MCosonZ1ZXc4OjAsonRmcGU4O4J0ZXh0o4w4YWRkoj2xLCJz6X13oj24MCosopVk6XQ4OjEsonN3YXJj6CoIojE4LCJzbgJ0bG3zdCoIN4w4bgB06W9uoj17op9wdF90eXB3oj24o4w4bG9v6gVwXgFlZXJmoj24o4w4bG9v6gVwXgRhYpx3oj24o4w4bG9v6gVwXit3eSoIo4osopxvbitlcF9iYWxlZSoIo4osop3zXiR3cGVuZGVuYgk4O4o4LCJ1cl9tdWx06XBsZSoIo4osopxvbitlcF9kZXB3bpR3bpNmXit3eSoIo4osonBhdGhfdG9fdXBsbiFkoj24o4w4cpVz6X13Xgd1ZHR2oj24o4w4cpVz6X13Xih36Wd2dCoIo4osonVwbG9hZF90eXB3oj24o4w4dG9vbHR1cCoIo4osopF0dHJ1YnV0ZSoIo4osopVadGVuZF9jbGFzcyoIo4J9fSx7opZ1ZWxkoj24YgJ3YXR3ZF9hdCosopFs6WFzoj24cHZfZWmybixtZWm0o4w4bGFuZgVhZiU4O3tdLCJsYWJ3bCoIokNyZWF0ZWQ5QXQ4LCJpbgJtXidybgVwoj2wLCJyZXFl6XJ3ZCoIojA4LCJi6WVgoj2wLCJ0eXB3oj24dGVadF9kYXR3dG3tZSosopFkZCoIMSw4ci3IZSoIojA4LCJ3ZG30oj2xLCJzZWFyYi54O4oxo4w4ci9ydGx1cgQ4Ojcsop9wdG3vb4oIeyJvcHRfdH3wZSoIo4osopxvbitlcF9xdWVyeSoIo4osopxvbitlcF90YWJsZSoIo4osopxvbitlcF9rZXk4O4o4LCJsbi9rdXBfdpFsdWU4O4o4LCJ1cl9kZXB3bpR3bpNmoj24o4w46XNfbXVsdG3wbGU4O4o4LCJsbi9rdXBfZGVwZWmkZWmjeV9rZXk4O4o4LCJwYXR2XgRvXgVwbG9hZCoIo4osonJ3ci3IZV9g6WR06CoIo4osonJ3ci3IZV92ZW3n6HQ4O4o4LCJlcGxvYWRfdH3wZSoIo4osonRvbix06XA4O4o4LCJhdHRy6WJldGU4O4o4LCJ3eHR3bpRfYixhcgM4O4o4fX0seyJp6WVsZCoIonVwZGF0ZWRfYXQ4LCJhbG3hcyoIonBiXiVucp9sbWVudCosopxhbpdlYWd3oj1bXSw4bGF4ZWw4O4JVcGRhdGVkoEF0o4w4Zp9ybV9ncp9lcCoIMCw4cpVxdW3yZWQ4O4owo4w4dp33dyoIMCw4dH3wZSoIonR3eHRfZGF0ZXR1bWU4LCJhZGQ4OjEsonN1epU4O4owo4w4ZWR1dCoIMSw4ciVhcpN2oj24MSosonNvcnRs6XN0oj2aLCJvcHR1bia4Ons4bgB0XgRmcGU4O4o4LCJsbi9rdXBfcXV3cnk4O4o4LCJsbi9rdXBfdGF4bGU4O4o4LCJsbi9rdXBf6iVmoj24o4w4bG9v6gVwXgZhbHV3oj24o4w46XNfZGVwZWmkZWmjeSoIo4osop3zXillbHR1cGx3oj24o4w4bG9v6gVwXiR3cGVuZGVuYg3f6iVmoj24o4w4cGF06F90bl9lcGxvYWQ4O4o4LCJyZXN1epVfdi3kdG54O4o4LCJyZXN1epVf6GV1Zih0oj24o4w4dXBsbiFkXgRmcGU4O4o4LCJ0bi9sdG3woj24o4w4YXR0cp34dXR3oj24o4w4ZXh0ZWmkXiNsYXNzoj24onl9XX0=', NULL);

-- --------------------------------------------------------

--
-- Table structure for table `tb_pages`
--

CREATE TABLE IF NOT EXISTS `tb_pages` (
`pageID` int(11) NOT NULL,
  `title` varchar(255) DEFAULT NULL,
  `note` varchar(255) DEFAULT NULL,
  `alias` varchar(100) DEFAULT NULL,
  `created` datetime DEFAULT NULL,
  `updated` datetime DEFAULT NULL,
  `filename` varchar(50) DEFAULT NULL,
  `status` enum('enable','disable') DEFAULT 'enable',
  `access` text,
  `allow_guest` enum('0','1') DEFAULT '0',
  `template` enum('frontend','backend') DEFAULT 'frontend'
) ENGINE=MyISAM AUTO_INCREMENT=43 DEFAULT CHARSET=utf8;

--
-- Dumping data for table `tb_pages`
--

INSERT INTO `tb_pages` VALUES(1, 'Homepage', NULL, 'home', '2014-02-14 00:00:00', '2014-02-14 00:00:00', 'home', 'enable', '{"1":"1","2":"1","3":"1"}', '1', 'frontend');
INSERT INTO `tb_pages` VALUES(29, 'service', NULL, 'service', '0000-00-00 00:00:00', '0000-00-00 00:00:00', 'service', 'enable', '{"1":"1","2":"0","3":"0"}', '1', 'frontend');
INSERT INTO `tb_pages` VALUES(27, 'About Us', NULL, 'about-us', '0000-00-00 00:00:00', '0000-00-00 00:00:00', 'aboutus', 'enable', '{"1":"1","2":"0","3":"0"}', '1', 'frontend');
INSERT INTO `tb_pages` VALUES(26, 'Contact Us', NULL, 'contact-us', '0000-00-00 00:00:00', '0000-00-00 00:00:00', 'contactus', 'enable', '{"1":"1","2":"0","3":"0"}', '1', 'frontend');
INSERT INTO `tb_pages` VALUES(35, 'FAQ', NULL, 'faq', '0000-00-00 00:00:00', '0000-00-00 00:00:00', 'faq', 'enable', '{"1":"1","2":"0","3":"0"}', '1', 'frontend');
INSERT INTO `tb_pages` VALUES(36, 'Portpolio', NULL, 'portpolio', '0000-00-00 00:00:00', '0000-00-00 00:00:00', 'portpolio', 'enable', '{"1":"1","2":"1","3":"1"}', '1', 'frontend');

-- --------------------------------------------------------

--
-- Table structure for table `tb_users`
--

CREATE TABLE IF NOT EXISTS `tb_users` (
`id` int(11) NOT NULL,
  `group_id` int(6) DEFAULT NULL,
  `username` varchar(100) NOT NULL,
  `password` varchar(64) NOT NULL,
  `email` varchar(100) NOT NULL,
  `first_name` varchar(50) DEFAULT NULL,
  `last_name` varchar(50) DEFAULT NULL,
  `avatar` varchar(100) DEFAULT NULL,
  `active` tinyint(1) unsigned DEFAULT NULL,
  `login_attempt` tinyint(2) DEFAULT '0',
  `last_login` datetime DEFAULT NULL,
  `created_at` timestamp NOT NULL DEFAULT CURRENT_TIMESTAMP,
  `updated_at` timestamp NULL DEFAULT NULL,
  `reminder` varchar(64) DEFAULT NULL,
  `activation` varchar(50) DEFAULT NULL,
  `remember_token` varchar(100) DEFAULT NULL
) ENGINE=InnoDB AUTO_INCREMENT=7 DEFAULT CHARSET=utf8;

--
-- Dumping data for table `tb_users`
--

INSERT INTO `tb_users` VALUES(1, 1, 'superadmin', '5f4dcc3b5aa765d61d8327deb882cf99', 'davidmorenoazua@gmail.com', 'David', 'Moreno Azúa', 'photo-4000.png', 1, 0, '2015-06-16 15:57:19', '2014-03-12 09:18:46', '2014-12-22 00:07:31', '', NULL, '5EspLUTGAWYSjz1BuvTkGuIqPWdvSyxO5VMkAD6VaLdTReLopmgVqrU0udUR');
INSERT INTO `tb_users` VALUES(6, 2, 'matriculador', '4297f44b13955235245b2497399d7a93', 'matriculador@mail.com', 'Matriculador', '', NULL, 1, 0, '2015-06-16 16:21:28', '2015-06-16 14:20:06', NULL, NULL, NULL, NULL);

--
-- Indexes for dumped tables
--

--
-- Indexes for table `tb_groups`
--
ALTER TABLE `tb_groups`
 ADD PRIMARY KEY (`group_id`);

--
-- Indexes for table `tb_groups_access`
--
ALTER TABLE `tb_groups_access`
 ADD PRIMARY KEY (`id`);

--
-- Indexes for table `tb_logs`
--
ALTER TABLE `tb_logs`
 ADD PRIMARY KEY (`auditID`);

--
-- Indexes for table `tb_menu`
--
ALTER TABLE `tb_menu`
 ADD PRIMARY KEY (`menu_id`);

--
-- Indexes for table `tb_module`
--
ALTER TABLE `tb_module`
 ADD PRIMARY KEY (`module_id`);

--
-- Indexes for table `tb_pages`
--
ALTER TABLE `tb_pages`
 ADD PRIMARY KEY (`pageID`);

--
-- Indexes for table `tb_users`
--
ALTER TABLE `tb_users`
 ADD PRIMARY KEY (`id`);

--
-- AUTO_INCREMENT for dumped tables
--

--
-- AUTO_INCREMENT for table `tb_groups`
--
ALTER TABLE `tb_groups`
MODIFY `group_id` mediumint(8) unsigned NOT NULL AUTO_INCREMENT,AUTO_INCREMENT=4;
--
-- AUTO_INCREMENT for table `tb_groups_access`
--
ALTER TABLE `tb_groups_access`
MODIFY `id` int(6) NOT NULL AUTO_INCREMENT,AUTO_INCREMENT=448;
--
-- AUTO_INCREMENT for table `tb_logs`
--
ALTER TABLE `tb_logs`
MODIFY `auditID` int(20) NOT NULL AUTO_INCREMENT,AUTO_INCREMENT=65;
--
-- AUTO_INCREMENT for table `tb_menu`
--
ALTER TABLE `tb_menu`
MODIFY `menu_id` int(11) NOT NULL AUTO_INCREMENT,AUTO_INCREMENT=35;
--
-- AUTO_INCREMENT for table `tb_module`
--
ALTER TABLE `tb_module`
MODIFY `module_id` int(11) NOT NULL AUTO_INCREMENT,AUTO_INCREMENT=51;
--
-- AUTO_INCREMENT for table `tb_pages`
--
ALTER TABLE `tb_pages`
MODIFY `pageID` int(11) NOT NULL AUTO_INCREMENT,AUTO_INCREMENT=43;
--
-- AUTO_INCREMENT for table `tb_users`
--
ALTER TABLE `tb_users`
MODIFY `id` int(11) NOT NULL AUTO_INCREMENT,AUTO_INCREMENT=7;
/*!40101 SET CHARACTER_SET_CLIENT=@OLD_CHARACTER_SET_CLIENT */;
/*!40101 SET CHARACTER_SET_RESULTS=@OLD_CHARACTER_SET_RESULTS */;
/*!40101 SET COLLATION_CONNECTION=@OLD_COLLATION_CONNECTION */;
